sample_id,PRS_1,PRS_2,PRS_3,PRS_4,PRS_5,PRS_6,PRS_7,PRS_8,PRS_9,PRS_10,PRS_11,PRS_12
S0000,-1.8478701198054168,-1.0851793701105783,1.5086849078039715,-0.27056120151327656,0.21987736302336577,-0.5134962511980561,-1.7905510194518974,0.9361131249297073,-2.1721981398555887,-0.5547926767916584,-0.05461488085006111,0.23048964342985517
S0001,-0.7264696045288699,-1.8379614830549744,-0.8010932923354382,-0.7487579876196624,-0.7730934951550803,0.9700585902076034,-1.2136027781391423,0.30097927443815886,0.15829703721791577,0.96045507747167,-0.13313187173693122,0.7911309671975586
S0002,-0.17222013809409803,0.4343925265848003,-1.5029410872472406,-2.6382780762911087,0.3775468535658534,0.43118312603922965,0.4755023331518825,-0.5249325147546792,1.4897222522103726,-0.45987781573702197,0.4208790196723695,0.5946362250040785
S0003,1.7187401597491105,-0.31702961978983357,-0.6531929062291528,-1.4981453844153232,1.552367006662473,0.42141090704854006,0.4530611058943021,3.11670424132392,0.3250447411862994,-1.3023214051000322,-0.19590357499297611,-0.9747824088486532
S0004,-0.3958683945827724,-0.40258960275460726,-0.5870243910670495,-1.393282505355397,1.5925016336722961,0.2988480444383938,-0.22547203470023827,0.757637829515743,0.471067274849391,0.27569073274204753,0.6849980727668268,0.13393474375865663
S0005,0.6702214569915914,0.7531123008777751,0.16271873503280307,-0.22039449349611565,1.5303978014539088,-0.4779015397734336,0.3913136004273458,0.41390841073906653,-0.6095578522636356,-0.8078223853114933,-0.353852020869851,-0.4922168531756078
S0006,-1.4581305616388653,-0.6514950825192756,0.26622298463456223,1.2659435841485986,0.5543913351736333,-2.599534498370238,0.6413037147573276,-0.5581517858957178,0.453080074687763,-0.014135259210628073,-0.19268762608682777,-0.10223572796214128
S0007,-0.02242430826978004,1.3444049720902438,-0.019660187085087422,1.0855361331812003,0.9399058658456572,0.667045547583653,-1.7866188201296775,1.1166326561616067,-0.45790129413558806,0.7157272810747723,-0.9725328332404135,-1.1850740433032558
S0008,1.9763887368311992,-0.9569830668381143,1.1461066390517474,0.11842032143652105,-0.4201200583601715,-0.04482888433020653,-1.3010944965313112,-0.013754379609230549,-1.0827403138959595,-0.39544379431398563,0.925299563969576,0.2541906765576573
S0009,-1.4821704988805215,0.8514881269138698,-0.007099761909142564,-0.5421852684093387,0.746676303908931,-0.16720683697700237,-1.1656613399057127,1.8478097114496044,-0.017287442890987742,-0.08138520448221714,-0.40510517173058996,1.1799657394575893
S0010,-0.5248785081420402,-1.5449798588116046,-0.6786776618959786,1.3267746004547925,0.8321321614571173,-0.25501565265986115,1.3732551416404741,0.7479422288218825,-0.2665893636346067,-0.16590985510107972,0.3293177319454342,-0.8318869496638158
S0011,0.004505065509350931,0.3085133646132903,-1.6869662386085398,-0.18932032256789785,-0.3030561853656883,1.0280680199603225,-1.844496993811034,-0.38150601970371084,-0.4817546473645869,0.9600709639216006,-0.04354656936489266,1.7960946456523694
S0012,0.6622133819063865,-0.410222994189519,0.23965869655895883,-0.3540688093694581,0.8593960904904201,-1.332197713291012,-0.8236959765713334,0.45568991855492125,1.225756448723621,-2.201968596139199,1.3744712159904158,-0.14013512842800616
S0013,-1.883874961937163,-3.0017278418893385,-1.5293860658082796,-0.019704855845401752,-0.06589803780888462,0.6332004347093099,-0.5494871775609635,-1.108040546446171,-0.413086387660893,0.033610286911577296,0.23077279495527736,-0.7891646992724058
S0014,0.9014467003353596,-0.6213967717240335,-0.8697173623249038,-0.5423915094682898,1.0748401757026071,-0.13279645294065934,-0.6945135030697719,0.9261077504485437,2.1427485399487463,0.2096826343089477,1.2338424608654335,1.0360779505747895
S0015,-0.605639751658333,0.02663418047623251,-1.2825446297039873,-0.20494226636163507,-0.626190369125724,-0.40288595717563497,-0.7498950313803366,-0.28709680819556727,0.5322326862649144,-0.11949191043999567,-1.8643731977553857,-0.7461205648984861
S0016,-1.5193993525582523,0.24406022598176774,0.5033173640541875,0.25654822185416504,-0.7874043932993874,0.2468539291312162,-0.47011425576887506,-1.1382254497502524,0.7419299197089303,0.8180277537237719,0.948895481083506,-0.6083486000324562
S0017,1.1793623126930788,-0.4935822513280676,0.653501321538513,-0.5109126617666753,-0.22398216374577085,-2.4211778573891896,-0.30191321441691565,0.09108996678502743,-0.41004961736383877,1.7561880680851394,-1.1624660853252764,-0.5635812371039258
S0018,-0.9048726099858533,-0.5637769789954712,1.031413062940705,1.4780317943269636,-0.7007926109189417,-0.7230075427232033,-1.157128648593915,1.3062853865193034,1.1210044069163025,-0.10598179998878679,-1.39609919630688,-1.306662565456252
S0019,0.1706294503845932,0.5493379184464988,-2.0661448050211484,-0.3213099105378827,1.6182958895573838,-0.21750920663028547,1.489638090790624,0.6490461289556837,-1.0842796008353577,-0.292671293351856,-0.1286942385447029,-0.9525115680935066
S0020,-0.9698680228109412,1.5067685921185607,-0.9773606196929516,1.0784360764086802,-0.4364844783650164,-0.025639329883172433,0.5618444182385726,-0.5985586729046787,0.5679043134945333,-2.046429699548382,0.43970738841463686,-2.468530124571636
S0021,-0.2268467266984575,0.8542429853184914,0.6222953060583759,-1.298410478961941,-1.169664396093517,-0.6886720403226348,0.18621586235813473,-2.0319331900437034,-0.013223575848558187,0.31142937380006447,-0.2830371808709837,0.5253209680530518
S0022,0.22372415832620401,-0.5416542593988953,-1.9361893602594902,0.13341308157082288,-0.9530753652299778,-0.5783426248615452,0.47912421796308585,1.4173333834343511,-0.038060123442009,0.5540648364458706,-1.4444793411528907,0.2455235809950345
S0023,-0.059905937677162444,1.2292275806261819,-0.5404584760287566,-0.24163761716237078,1.0588144671327948,-0.09203379239464947,-1.1088413812872686,2.551633273290123,-1.0785927633367334,-0.06470008154952371,0.3466881560256132,0.26761750903111453
S0024,-0.18974370400639878,-0.18476037052630803,-0.23493186628795537,-1.115933858591372,2.150219214422729,-0.219990917713377,0.5969309928230956,-0.3346528576816054,-0.3547636723554835,-0.4554436626696503,-1.5498457879892507,-0.16062114012076936
S0025,-0.4070076543194302,1.171524509184777,-1.1967001175845153,-0.577147177554855,-0.8984404667540822,1.4425303940118088,-0.8694084448546713,0.5622998447261367,0.97016147340598,-0.1461229114154082,-1.3768110009404684,-1.3641538587636903
S0026,0.8597640647960797,-1.2605940187998574,0.3920266110599123,0.11434910982059632,0.3771324843110272,0.4715848078458876,-0.9336707844179017,-0.9755281790147413,0.7149271341004025,-0.6293446105643965,-2.7501484920051484,0.6487552978838649
S0027,-1.0362612880687683,0.4671358779052533,1.3928218493169693,0.016762457261947625,0.9957658316635309,0.15379768053620216,1.5874293281411473,-1.0621071087571061,-0.00821498041648976,0.6731616050414675,-0.19041175701004545,1.1522189966526697
S0028,-0.4320395395107805,2.0693711516288884,2.122197504272245,0.28207199622729967,0.5526011803546168,1.1916714356246376,-1.1871973989673668,-1.3120000145777906,1.2564189138576347,0.2739884728729994,-0.22650524597978958,0.011123302881161038
S0029,-2.3860414723640693,-0.19056231445700128,-0.7530467391932236,0.9180716336150824,0.9950307783840061,0.5766802341299105,0.39545864879914155,-1.4973467487202679,0.5906430799968742,0.6293979455233839,1.2451926537687301,2.118209812430197
S0030,-1.6925606735716086,-0.38847682561821334,-0.7422666371576447,0.17250718838507423,0.013401858218038697,-0.23408207308014561,1.0276043614011736,-1.1014142111807836,-1.0411214673926061,-1.0242252710980422,-0.3603275874259869,-1.2285902159118463
S0031,-0.048571488799270555,-0.1654901946308669,-0.78651511399908,0.8737662540561958,-0.059500528286736874,1.0626473640318037,-0.19504985120443202,-0.02419488823135469,-0.5627824046817108,-0.007046540535484532,0.7122313061320464,-0.41133423227029803
S0032,0.5184119625346643,-0.8127469610457412,0.7590505655222095,-0.5799058273119273,0.8516798732290504,0.06097654243366502,1.5209537333910634,-1.154067726254209,-1.4761767733118683,-0.6162172459755669,-1.3846109480343132,-1.3827348944282776
S0033,0.6215507604598759,-0.004178793412658349,-0.47968097670425885,-0.3869625973054321,-0.5972376643263394,1.6503691678190437,-0.7355057076430367,-1.3221338980832993,0.7960506174863278,-0.2157556233478209,2.0387736888178853,-0.5262056387941353
S0034,0.845984179756792,1.0821973305993051,-0.5213358322020036,-0.7429207679090358,0.7413665309309047,0.5748919179139307,-1.4106101007109266,-1.1284356363047208,-2.5364300049480053,0.5953868539788023,-0.2618271931357455,-0.162150420975282
S0035,-1.6914440977018532,-1.0981023530893264,-0.4779589125675662,-0.672325600147821,0.11783607551763121,0.5834681266318139,2.269612569285197,-0.020017030030925434,1.1154026630969456,-0.8299727769797747,-1.6749463149753558,-0.35230164671012465
S0036,-1.5977217178742416,0.014673167169103205,-0.7804541245086651,-1.9542713867545856,1.7360251458601772,-0.5375617131053801,-1.6376193029441979,0.8981717905072897,-0.7286143625392852,1.090166033690662,-0.7333943346780494,-0.5408976902627972
S0037,0.3448317094770465,0.5932193807041102,0.7684837373405985,-0.08974113872932903,0.5286167215545834,0.7456286069234205,0.20056913856684971,-0.14265811326429617,-1.4452949482311301,0.5991741567799889,0.04217369914115087,-0.41361585235070747
S0038,1.27776636359166,-1.4278336329133157,1.6440363153648863,-0.022273278634465647,0.3175181785028984,-0.39504411453027083,-1.6670729125233301,-0.1396098984657797,0.33474490689279257,0.6762254464025941,-0.1980331984389014,-2.192539841204418
S0039,-1.5416613445826255,2.052019623763294,-1.0925359837721156,1.4270494582392084,-0.9340867374175955,-0.18245590972786754,0.625208259599904,-0.8201944465808737,1.5922151357590542,0.07572835806841098,0.4608508462996698,-0.2676070080191258
S0040,0.6587202870170907,1.5787927398498625,-0.13128593762321436,1.7297127907492362,-0.6115958083791179,0.76409603935171,0.4891143362430499,-1.0685820726823694,0.2138097046373318,0.0073659378503727856,-0.8531921762768451,0.3580024341941265
S0041,0.14628954610851758,-0.07258694730721668,-0.06857746905868485,-0.09001025892361937,-0.3676996212463275,0.13983409501498167,-0.6439142123637804,2.6568094914699993,-1.4093332454653158,-0.584736077234459,-0.5057421045769407,2.0404934143245375
S0042,-1.3201346499774993,0.4259222979861098,0.24839406504653988,0.33360230467454804,1.2363431626109402,1.2158293597470884,-0.4509568265201174,0.1940174494939909,-1.864102032152144,0.09909300852192908,-0.7939894278319191,-0.1863824259605165
S0043,-1.6853718648166949,0.4048722867190754,-1.6965686955756079,0.14828460679158642,-1.2265055930225495,-0.8496410351358846,1.1547321025451627,0.587917945913622,1.149203137670543,1.5597271325012902,-0.7728387071397649,1.4989716624408718
S0044,-1.4655056561789015,0.7461003345449032,-0.4933377145999715,-0.9303001426393164,0.6144698673044425,0.9449515251692131,0.9152683866465448,0.21485988889479202,0.13195730132923905,0.5268665856999025,0.30376407551719103,0.5413558395859803
S0045,0.20399946111071426,0.8427838245063638,-1.6272078065504278,-0.13127347508638623,-1.3838464938455861,0.27670201760488466,1.6419301758536977,-0.47408478194696846,0.12725203029721524,0.7564867149216389,-2.0677229317665247,-0.5221104821441878
S0046,0.36451565927285023,-2.896994725657275,-0.9768084930749713,1.1008579733812893,1.0029969004507249,0.37431822737010023,0.8821976399431775,0.2151042344214637,0.5553949074423146,-0.31565370884061383,0.11581268292209276,-0.6323703864158223
S0047,1.2634833441823135,1.5215594095022018,1.3799128006970733,-0.4081087616778623,-0.9537740393650874,1.2769736607501632,0.5439072025914127,0.32858434152364246,-0.6336320849451457,0.4256638126367649,-1.085278059661935,0.6340623560790319
S0048,1.3788866996062104,1.6310455439079523,0.708524054109816,-1.3820215496211217,0.19733013094602156,2.139681744057713,-0.8686115904422842,-0.05918157291021701,1.4135243518009772,0.6171339220735854,2.4801563244851046,-0.7328693832285884
S0049,-0.9897557857408219,1.2241254358351739,-1.195878628271536,-0.1967679888175363,-0.06564654485957652,1.035989473385922,0.6142679680252469,0.45706491417686257,-0.40243087790166676,1.215004019081943,4.0258240427272645,0.6912820989229157
S0050,0.09967220754683649,-1.2978629709921605,-0.6374814493171534,-0.21371023394730407,-0.5346002402671326,-0.01607783452684818,1.7780160768072877,1.2471669173692341,-0.15883271646825428,-1.2082799446658605,1.337367642902413,-0.049054273461364435
S0051,-1.726500425602355,0.7124301184930362,1.0256866842334653,-2.425908404934669,-0.8245546421329034,-0.11045401130771397,0.7345109113086175,-0.5157465846241712,-0.8321419019739364,0.7271692496802824,-0.4683223733141591,0.5420546505486971
S0052,-1.1115156549745906,-1.3523330192363985,0.755269157570397,0.2525199103172139,0.9224557332362071,-0.5325930009214418,-0.7951053024797451,1.3607188875409106,-1.5229587639944702,1.2514607091806247,1.3205047074823832,0.8600895142660753
S0053,-0.6878075170104481,-0.8165238367253593,-0.21005577299819952,-1.2950396768313994,-0.9616939987535967,0.644734291509046,0.6493491142241571,-1.0495748265349563,0.6761219353000746,0.4543033057398061,1.5098862545771035,0.5691364418675215
S0054,1.058581053734378,0.47707759093021124,0.9799291096971879,-1.287117156567775,-0.1217444571109134,-0.038982768227529795,-0.2437499469352824,0.4438866303167256,0.634379654495751,0.3922570770711484,-0.17694388122133783,-0.735730079845125
S0055,1.097186074156234,0.34973281661383504,-1.0186138583994084,-0.19368754164962376,-1.7432996777073613,0.035370614347442896,-0.19837994259859598,-0.5744669503553378,1.5846001898035293,-1.1561541195421123,0.7063929516823354,2.1867081609318735
S0056,1.077267903716688,-0.03153878209776703,-1.1340686394233275,-1.3620621765844554,-0.411551694957522,-0.6870007339139083,-0.7195469089581323,-0.3263134554712441,-0.10224709288568688,0.4852119476452963,-1.2377962194624292,-0.68224379613305
S0057,-0.15967208282248133,-0.19548519342326906,1.8364237074134229,0.2322465927238575,-1.6135898119594245,0.4181813615867647,0.5456637227439788,-0.12512802824473812,-1.2133966744092013,1.7580546953134628,-1.0698839135812572,0.6607722064159335
S0058,0.20005052906393525,0.60081054902977,1.70685792416733,0.5616388721410351,-0.558664227043533,1.105992275127961,-0.6310994500441196,0.16355801139526788,-1.2930836080157901,-1.0332812273367524,0.05138667043618637,0.3680867085808721
S0059,-1.7023906226910304,0.49728736800066425,-0.8194289765982975,1.2796880156711665,-0.35196442882450824,-1.1236222695499858,0.07580455795925227,-0.9162350010787254,1.2689451414331256,0.000530207533099717,-0.1516766230932871,0.5918010189310079
S0060,-1.004947439200293,-1.2891536553285141,0.40835157944163697,-1.099670708008809,-1.1000101537494567,0.8367560312208876,0.5250641099839399,-1.2538295424529113,-0.6191360429413364,-0.90373155594632,1.7763192980405802,0.9060104275706085
S0061,-0.420844846005274,0.5761946893434926,-1.3561861859308293,-0.6726461511894929,0.10486326594188623,0.45223074914591294,-0.09745912551344407,0.24801351071422595,0.07833645995312626,-0.16357740202231738,-0.2961455921908937,-0.4262648726777842
S0062,0.23193750862858806,0.41081558919945615,0.19835916731883396,-1.1785970500010596,-0.9989278511431876,0.39888180594806727,1.4716733006708778,0.15241546155875524,-0.4116684124769942,0.22434045544277556,-1.1368214225134285,1.3089431565364635
S0063,0.1865941445080283,-0.6694572132105483,-0.16679546609287513,-0.5270362320636157,1.3116699768168338,-0.20224008944705912,0.15536574611559287,0.5737264566512917,-0.7407666037645421,0.19370946613515708,0.2744355693942098,-1.5540788210206211
S0064,0.25269648877761,-0.04576206494313917,0.12996629211599667,0.03562971349056658,0.25916987295008204,1.337343225676158,-1.1795074120851095,-0.3421523355004201,0.6666186289628364,0.48092586772791107,0.45940555334208416,2.7535772156733374
S0065,0.6141355241167059,1.1309377962550249,-0.30707205885250843,-0.9929123738972822,-0.3143174292336339,0.7119601713434042,0.4068278548291754,0.4032513705988798,-0.21434438679712778,-0.37380261881297533,-0.17985724429327782,0.7244754501652129
S0066,0.8407274281704181,-1.0062416496712276,0.7623425594314492,-0.6507212307562297,0.46892165184105333,-0.19196574246248815,1.5657885492389845,-0.4180746289811456,0.17861184089478324,0.6065931575594277,-0.8739588501228821,-0.07285705542694518
S0067,-0.2665848846231373,-0.5138134834059732,-0.4397230014832396,1.1120145981367944,-0.5985507347603333,0.5664078826716058,0.31459500203114427,-1.3969801157751758,0.5191694384264413,-1.4135132097576943,0.6280918281651601,-0.5071916431308481
S0068,0.008367253256452208,-1.2942799496263389,0.12238232360481602,0.9269504179706196,-0.8069654280226208,-0.607167086144011,0.45462102356748946,0.47961832364693924,-2.4341792984085067,2.0154063637827733,0.5285534835483313,0.6969186624529615
S0069,-0.14354044666201693,-1.8553535085522448,0.67472206125024,-0.5651880282308862,0.5439316941833399,-0.21880107026272877,0.2380393791163774,-0.7749963814092447,0.8643889426789316,-1.1883790394576719,2.24556942533919,2.237948634987012
S0070,1.6326995854665105,1.2754789857745101,-0.08454835823364099,1.1665467057472083,-0.09617649827612768,-1.553517542245307,1.503201414030688,1.1288244629225053,-0.031339107655435385,-1.2251842573311502,-0.5862006765789738,-1.8211455848875098
S0071,0.9450808526179771,-1.6033089668641802,0.28683087014667635,-0.8436933477796882,-1.4267034449994767,0.2383550932785717,-0.3337993853120314,0.8381891054253677,-1.267605268728707,-0.7573146454738222,-2.3876422084908913,-2.1843466823279227
S0072,1.7981924099785127,2.083598244099669,0.09272620522395288,-0.8238287659065117,-0.298448925490107,0.8735742024863639,-0.5143890198220461,0.2376338670416892,-0.01275605048124964,-0.568812670082858,-0.5261927459918712,0.29332087168550824
S0073,-0.9768881363874414,0.45172934562351613,-0.47157895964918195,0.12736730464823023,1.3839625661685588,-0.16819204522695244,0.9198043401919923,-1.7920328558838285,-0.4703630136405947,0.027688621076072818,1.923330679206459,-1.9599520832598905
S0074,-0.09620986189277686,1.456688850916263,-0.785020405266872,-0.21283881042567027,0.3317389850555395,0.18450855372278024,1.5657704754544142,0.44847381007323184,1.3277728955142192,-0.3600083573099114,-0.7405254112502966,-0.22572319301963548
S0075,-1.1591030933676016,0.48351169621009515,-0.3858781127552457,-0.6717888999774754,0.4986584096210017,-1.1437157779742886,0.7705022138557944,-0.4783373884913608,1.159096444094184,-0.39273757822956723,0.6319096665579241,0.17956237377290588
S0076,0.7439018737144868,0.10994689214762728,-1.6633974123432438,1.008793539242132,-0.08768292245790726,0.789516077354813,0.6902464768688565,-0.7732964810113417,-0.9147954051752969,0.655355101449004,-0.3032490294105138,0.936429279466497
S0077,-0.17820094286302327,1.0234097774482882,0.4233044842091017,0.2879749937141485,-0.3740111987402744,0.2324276140615166,1.1928527149527093,-0.05421545866331975,0.5311744436838554,0.046360076249706055,0.12460404274542186,1.7234107569382986
S0078,1.2017300310395511,0.07940381519571835,0.2144540879360341,-0.7018705035509689,-0.17297154626495317,0.309397787548615,0.8506135895691279,0.749220896910919,-1.1092590559045103,0.9769827306786314,-0.08877367937755289,-0.9869913556775379
S0079,1.3363847374319215,1.463278996737953,0.2637469823406603,0.7087936019052349,0.767449208744432,1.395772152812251,0.7280685254317251,-1.3276882774385688,2.0098077489711277,1.065656889480043,-0.5095242052727647,-1.0296250723574096
S0080,0.5048134304040838,-0.27826003836757923,0.3299953539989592,0.7434068412782634,-0.5664418879967954,-1.1161079926843374,0.38581846787197815,-0.5333878552769735,0.14609578573239815,-1.3433264369622646,-0.2521827244746376,0.7149518910399967
S0081,0.6059325076467968,-0.7883579708732686,-1.1682643693180517,0.01576368975179213,0.5610327970194089,0.405175140192551,-0.5121598443613099,0.2978244424866034,1.5023554712759948,0.20514468730902757,-1.63314793581862,0.2032003381006422
S0082,2.043956971212609,-1.2873908131155956,0.029724661829022104,-0.2263354330321344,0.09588295927506402,0.19425215315377178,1.1399719860629245,0.0847832864008106,1.277259557212047,-0.1176556587864825,-0.3501367739746331,-0.6691829830386058
S0083,-1.8170870291201529,0.2757814119258398,2.0540002884718427,0.4582354772858612,0.6867473541616795,-0.41303132501445505,-0.2443333912736707,0.9846414883332621,2.0086936402898203,1.4879479357968197,0.805244629728022,0.03515057939050897
S0084,0.2097189142673235,-0.7535073194282543,-1.448167521302657,-1.126798357759941,0.0498000345219375,-0.2919922614266772,-1.4694417047196846,-0.037323379049736136,-0.31843032446594494,-1.1728488552840803,-0.3701790106200705,-0.3209530007163442
S0085,-0.6166371399244667,0.9266701647759397,-1.902901562093312,-1.9857989907109712,0.0032857844490918387,0.09612718939230591,0.40421513601897335,-0.5389735082790941,-0.9179238050923317,-0.007316132694947453,-0.44157813534799617,1.5510714046556944
S0086,-0.3242272499251918,-0.053185151717077925,2.4754181395979424,-0.19476022673068688,0.5561568651990907,0.646309433386353,0.7314016437182146,0.28948726541125236,0.19384079441050964,0.10033428983711615,-0.5759939022337732,0.32551880283926843
S0087,2.028645837424592,1.2106819089635574,0.3039180222246367,0.8558297981059901,-0.8691759087306522,-0.26051215419971874,0.9478498441840553,1.4871671934581916,-0.770866172095378,-0.48358830942315717,2.1813757938785363,0.09626124976897246
S0088,1.8233619727003787,0.20685731727579246,0.2461802823254352,-0.30549088765989746,0.9425551415102287,1.3577775503039997,-1.035002230140867,-0.35245055222043675,0.9150785243742204,-0.1295486377843279,-0.4933854685332102,1.0095421538694018
S0089,1.103453204712511,-0.4496420906721386,0.2123665279879456,-1.208474795904233,-0.895480910478699,0.12416523213337996,0.03140678757984353,-0.9668760917306345,-0.7159739247255754,-1.0650443699555594,0.4550598569132106,-1.9676391966919
S0090,-1.0115772295601961,-1.862941547832321,0.4190206038579806,-1.8027335500547015,0.03172919853554027,1.6395240157474233,1.6734339812709018,-1.8059075691788211,0.2984096016309557,-0.9889712963804547,-1.193136035710258,-0.11346995439007401
S0091,1.2282911569331254,0.5996588742203581,-0.7151409284828807,0.7050339974100025,-2.2437083318816793,-0.7529457984332404,-0.8238915447012507,0.07832069173893116,-0.20282796365999967,-0.14147109361988489,-0.17471953010613864,0.022407240989087
S0092,0.5401309669582237,0.14933102610238283,-0.2843518166045584,0.40174827980478217,0.8261235436527639,-0.5560258907226293,-0.059402730672675784,1.1619065630465863,-1.1027606772673566,1.8047021962559437,-1.3391549747395755,-0.3453646112047366
S0093,-0.950189996876012,2.187926996869377,-0.5033500288471519,-0.5008411565285328,-0.37074873993991914,0.09560280789395026,-0.32844177890451104,-0.1328868046223994,-3.5292099530237375,0.05715983600182728,0.017806621486644806,1.0385687974123936
S0094,1.309060948279402,-0.18770806139179752,0.8162290816739554,-1.1015687804448064,0.7673423426961045,-0.5724757991345769,-1.1846974681300548,-0.1855886782040505,1.4004724471977792,0.1810055367308467,1.49648814767838,-0.7487327138158041
S0095,1.04785110454799,-0.6521600372369454,0.22532867148920316,0.216682828659415,0.6614917339241726,0.25074061991132746,-0.7391845378218174,0.8803069520925639,1.7316565943253943,-0.5838034222561184,-1.8352320764450323,0.4993195683537887
S0096,-0.33118039405214905,-0.13110285595529653,0.556177755731012,-0.4563924298255985,-0.2688519713436714,-0.10011951693658637,1.4697539379850162,0.030069604113581585,-1.2356735808149601,-1.1958784811411152,0.13922992165960119,-1.129428000690979
S0097,-1.5623034869241608,0.6355359909340106,0.6844984028686446,-0.36813653389385326,0.29365929115170897,0.1881216441955006,0.6024193859690855,0.6047499039397994,-2.605788587527226,-0.2404989584823943,0.5179041881781331,-0.4104565910390145
S0098,0.03620263925982666,0.7506999816780775,0.0809252332521623,1.5079194172348667,1.1269862522811211,-0.118564152971434,-0.19804617072477865,-2.8503241052013646,-0.3265021968905259,-1.3532688927105265,0.2212295420006227,0.15287071112000175
S0099,0.6958557560267777,1.3966704719481913,-0.026269429671968363,2.280416311923196,0.2324514452199039,-1.310216393716633,-0.5620718751101198,-0.37274670030782203,0.5921271511533787,-0.9472499002293007,-0.297975882809396,-0.16104028079608668
S0100,-0.44812080765554363,0.8114153816797184,0.6413213884653558,1.1665671351039588,-0.33102518111119955,1.202527567647902,-1.3639970859770458,-1.388384300989857,-1.2138016860912133,0.00921169263208945,1.2023781165777556,-0.6021420806396302
S0101,-0.47669340496443713,-0.2160179553093376,0.5728281233876548,-0.4776253033545738,-0.5334169579165013,-1.3453952633576904,-0.5717211111771211,1.1774617529353326,0.09092600847847668,-0.7398545102479152,1.2361439727289343,-0.5852135020601873
S0102,1.4199555794824656,1.4036069779001006,0.05601162637466865,-1.4985495273716876,2.289500615345755,0.3872760562645462,-0.3238870247205901,0.9561279147750558,0.7023027870213473,1.3109383498864404,-0.6623477886798963,0.3184734127743923
S0103,-1.1858702302449369,0.6663343957412341,-0.022945369627187417,0.2810092554868121,-0.1463497238404702,-0.25098882058836114,-0.868231174014714,0.7904302146842336,1.4897040367414378,-0.5566683589100853,0.5535405049710949,0.4321836246602423
S0104,0.00809781134885869,-1.5265957333647167,-1.3015973511105925,-0.7809819511515705,-2.1390047235719316,1.408030729905615,0.3677032291797136,-0.029961048399121757,-2.1902358192678286,-1.8238708550204004,-0.0023413881869583275,1.970489965483977
S0105,-0.6986441958730818,0.863798014412438,-0.47990240767496084,0.05523925928886656,1.2146838488929317,-0.3459516301665442,-0.6901049080521332,1.4180705541247638,0.04555782111359534,1.091205090586163,-0.685248893384687,1.4066742089609758
S0106,0.273627274534611,0.43478762621465866,0.1316293114291747,-0.5054749819965015,-0.0016828104949717336,-0.44259023798936625,0.9595460626447856,-0.20305716706866234,-1.4965072277938996,-1.6794237349892838,-1.7267181523204245,0.6179707575539414
S0107,-1.1515043113734442,0.3000857758385668,0.13657451749141328,-0.06470859490977714,0.43840520338236943,0.1583035370905262,-2.70972974278095,-0.3236252408484902,0.42510313406343103,1.6402828107549985,1.6864576165824976,-1.3631505135852566
S0108,-0.34972529931277313,-1.5661148137079979,1.519885075110083,1.0128562081485508,0.3505878868631747,0.16609486126021009,1.3806311003494742,1.211325194760139,1.158044696656121,0.4566798597822596,-0.34922829951416257,0.7671248320175574
S0109,0.8160419052551146,-0.1906374695919598,-0.3512489188342415,1.1333132695582098,1.6641161087696066,-0.7493957809147662,-0.2633766754479744,0.35093307645469796,0.4865989977486106,-0.5223663592412943,1.883520630344044,0.4220952655451712
S0110,0.5313834084705529,1.758884081511754,-0.44906162524459003,-0.08843187644227794,-1.2533222290216288,-0.17235047225357822,-1.4889275239353628,0.747849354193172,0.4199967500699922,-0.27706930703854016,-0.10042370781784783,0.7614664151889905
S0111,-1.135796086889898,0.20416786745252327,0.6995098064587445,-1.7822740774072416,0.6849380057020193,-1.6740624632615668,-0.11759448385153255,-1.1633911040952263,1.4312465792900149,-1.1571210541523476,-1.6501898919653826,0.13335214159631562
S0112,-0.4137029800208229,-1.504605228663933,0.5258151991548494,-1.9914990624496793,-1.036240972583125,-0.5752182704207847,0.8022223921551402,1.295468367013152,1.1027822473275728,-0.15327379046223277,-2.427308244795156,0.39085302121855847
S0113,1.4705737392246134,1.2337904078135682,0.4629490097437198,-1.1895027643384526,-0.525307003628415,1.9338143987456746,-1.4167295346641338,-1.1478412281503858,0.9425515511652842,-0.4311592448055278,-1.1817551222046219,1.5279711787230157
S0114,0.4610559781451398,-0.38180116437717815,-1.1457748358995155,2.047406563859938,-0.02445181874660751,1.3973280624694941,0.8936335446094399,-0.5209015616632341,-0.5129411149897811,1.4463148979339198,1.4625173326199776,-1.8769159761207344
S0115,0.5497802609821923,-0.12121480472361965,-1.033323162938506,0.2617460947171974,-1.3495967909863944,-0.4664553546461,-0.7984737327699676,-0.4997912641559985,-0.07147849366199094,-1.0155666619054864,1.5731790288732976,0.4932832333941253
S0116,1.7945630283820548,-0.1600799690780195,-0.5487899622971091,1.758415614493028,-0.5780597398739851,-0.17829202198912472,0.7200474104973147,-1.2377258082972784,0.71129468479365,0.5833470661646026,1.2693253180378326,0.890044503010141
S0117,1.299978352877571,-0.11042190050841018,-0.8626703187070606,2.1099854140833623,-1.5266956155219669,-1.4265130788738078,0.5651280405088313,1.6249860481773497,0.18955084591416504,0.9993036997022059,-1.9958027274719585,-0.49954496218113714
S0118,-1.8739478071432591,0.7804109582286599,-1.5472313265890145,-1.2778188460326472,0.5140252049614028,1.0618243520177295,-0.15896810822921661,0.5701725041085097,0.5377881668730922,-0.2154268594424721,-1.0947054828862488,0.5648914068846425
S0119,0.6130956907750826,0.8940244030902588,0.31206642407889745,-1.1684999134793264,0.6903401613691801,-0.0013810802283412515,-0.48273744432334303,-0.2946358371937122,-0.6902571783903797,0.8888437788544289,-1.4181147335800204,-0.9934859348064183
S0120,-0.32877288467169474,1.6137508482389997,1.0542805490928489,-1.6408408032472255,1.351347088752486,1.349420216983684,-1.174008326022643,-2.5214582705964452,-0.07222162234724244,1.122424409299822,1.5912619698002022,-0.8708272643612502
S0121,1.7519791046629654,-2.227932395816701,-0.3680506138292876,-0.4172106692157472,1.152337024924303,1.29830246593978,0.9542236554333953,-1.3505500487458946,0.8626190317989219,0.5090419685934918,-1.6712343852795908,-2.067013828801687
S0122,1.0379892900207761,-0.18009930097924454,-1.2851820924548754,-0.20817192870876858,0.36404108111320266,-0.08285112666754706,-1.5519861531260863,1.88555690356411,1.004217968987892,-0.3353774516734673,-0.2950946559022876,0.35948739471317603
S0123,-1.1296213957403316,0.3226764365369687,-1.3307324368607656,-0.070534216845166,-1.1685714998568588,-1.1180839823267146,1.6457226136182097,0.059225894284554124,0.20740648540116763,-2.011379861081323,-0.5970017585210479,0.4612121187043472
S0124,0.19413626594750497,-2.1540298213537055,0.2071379166570812,0.36655880354968934,1.2837619981986996,-0.6552311189383428,-2.242068720135671,-0.9967707518051554,-1.0970650388685572,0.7367088777799742,-2.716736588395318,-0.4483564600726221
S0125,1.4257954735772547,0.00721246283363482,0.8963168161764239,-1.6417983335510877,-1.6019895132063227,1.4372424578452343,0.10121536575725322,0.10327436220914413,-1.1181528281069966,0.10078172895023148,-1.1459375683400963,1.18687044890565
S0126,2.7278307098681713,0.48394105366532936,-0.6349463854615437,-2.5336583304946583,-1.6844641145423411,1.554861831027136,-1.0291918432710732,-0.3708348816865122,0.6553259745791783,1.4822897993617925,-0.199586921163838,-0.4046668696660347
S0127,0.07162102851068375,-0.6276378166392172,-0.5738192032929551,0.4118801175338736,0.18529151783448639,2.131605306558584,0.4388488166354295,1.151145548093828,-1.071285176723131,0.5251572900302712,-0.7229813466010591,0.3954532632965579
S0128,0.6885145981148411,0.04986884400147382,2.407325721474793,1.4279797691084526,1.1772453328290966,0.7642861923700136,1.7633608177300442,-1.4369692974692159,1.3702831179905761,-0.9912443119995229,-0.5643391190667296,0.561392444061668
S0129,1.2332201655107236,-1.153576631681962,-0.5125448776777309,0.09753207250131049,-0.18636600469571402,0.8540320612351875,3.4359276159845202,0.41932070852587977,-0.7351964381623162,-1.2965083306389955,-0.3252539135856056,-0.9402498860287901
S0130,0.4675497919754231,0.4520216357842265,-0.46316820452495655,1.984955013783783,-0.7354473192398943,-0.11943106789817422,0.6391626658898175,0.8920548937698285,1.2775765215431991,0.42849647899323895,1.0509127007879968,-0.6651081720279391
S0131,0.918081960350382,0.9047291501563995,1.5128866747535359,-1.6684359922285426,-0.9071831156010672,0.823140969367302,-2.651364479881397,0.49200617378835015,1.0598044249313672,-0.5763752475504399,-0.43019000011191194,-1.0741373472399038
S0132,-0.5215471197314033,-0.4925685019617576,-0.6828412744655215,-0.7376781777844968,-0.2710047848883935,-0.28310431565612143,1.8741318998610565,-0.3941851431170102,0.3441502161918585,-0.5768829664763014,-0.5895957758414572,-1.7043705377326224
S0133,-1.5713662478110932,-1.2069982796529997,0.18369683476007076,1.0761736552845853,-1.786664526895518,-0.549076801348817,-1.3668907093503484,-0.26427709413354983,1.0757694937071505,-0.4468824016079753,-0.04751697219969663,1.455228396392314
S0134,0.4579009305079092,-0.760091855816802,0.1589152858357252,-0.8275490114022908,0.4204820127359998,0.5153401540727593,-1.3671597004984526,0.17514941738577372,-0.1175732579959197,0.5446773971721118,0.8313470510191334,0.477449604124605
S0135,-0.30319335337975234,0.9333300208640003,-0.8730627763102515,-1.3205219933694994,-3.1952866845608003,-0.07014095173715502,-0.8215464394934352,0.3977544760753508,-1.9712273940443676,-0.6471785508995,0.47026990586448525,-1.0298361463489805
S0136,0.409256748612862,-0.5570225950680406,-0.03280830977999759,0.5951580064168556,0.952797023115313,0.09249241132060718,-0.8140102948787449,-0.45803886237965,0.6369553630869581,-1.0212535834826066,-0.1780665966402057,-0.38588409836147486
S0137,-0.1033617833189646,-1.0092825292493772,-1.8519443522121117,0.5207426159596433,0.9641314234886486,-1.7921749574981565,0.3689261609262163,1.0831829148451766,0.5959110467623232,-0.4166701786760665,-0.9434963697507577,0.08097807934998928
S0138,0.24778505884688073,0.09580751115589878,-0.18013463011756567,-1.0826517241227573,0.4226882913088517,0.47085449441352384,0.20082212546167189,0.11099364507125732,1.6792494877461053,-0.6243787845733961,1.2814350974566557,-0.7340244692218376
S0139,1.1089505729564282,1.2333675500805437,-0.29305120340188257,1.6609630540608336,0.46903588674608915,-0.8772724411405676,-0.374156594389209,1.1327623061066514,0.9230647018766497,-1.0580404013792908,-0.13925731219049714,0.20352298277651182
S0140,-0.5076045890756089,2.357799723374719,0.23366374340532553,-0.061812190903049326,1.19085104425809,-0.36521353483883495,1.007427610617323,-1.6677323955829848,-0.45365404624556616,1.0490704183772468,1.570197720589671,-0.7732957130059931
S0141,-0.8898216362186484,0.567446430370459,-0.6230338949177128,-0.26857791775539397,0.8764050247371578,-0.544102181614012,-1.9654257515356857,-1.3010844356058813,0.009955585720280876,-1.8634231484728845,-0.2971604172973206,-1.392096516243992
S0142,1.6399390068655983,2.1651425947656726,-1.0581971023420684,0.256758680037918,-0.9604037319968523,-0.30931560205451125,1.8034693279558056,-0.4666885477264853,-0.2860374622371136,-0.9425292672276969,1.1461893776648633,-3.2632667025240267
S0143,-0.442797321531621,-0.04588609413545871,-0.6610773298509144,0.8635455077311673,1.2020272839704742,-1.412039512879515,2.0934866537708046,-1.4232588243535156,1.2886306816758417,0.1498276985356943,-0.5037010971138146,-0.40936692967583616
S0144,-0.03351279066031383,0.20841786186378186,-0.9201543513715253,-0.23393995767839035,-0.7706728229275946,-1.2150495270738728,-0.8173117024578972,-1.1499746326954394,-0.4201549127505187,0.43247490546841544,0.12071035417796232,1.9743447766606508
S0145,-2.210453013719917,0.4693409662141885,0.00642023852435217,0.8156703423719669,0.7164652043104087,-0.16499175013517703,0.17265128485675557,-0.7440692129184846,0.6136799793544542,-1.878876052122701,0.7768264386493173,-0.02317344423611007
S0146,-0.4870620378310888,-0.2325331994467262,-0.1591962345883808,1.2973037604805013,3.2334936632485123,1.2198708241503822,-0.5653257858897562,0.6297818242852791,0.6733291660574839,-0.9251607224472203,-1.2607992972206816,-0.06328092891678859
S0147,0.8077076027014347,-1.6118082676014285,-0.7208978676544061,0.5726517089904064,0.041723613270580134,1.4162736205989954,-1.4113674540763435,2.3521649334494557,-1.5379924435695795,-2.0291637188282605,-0.05891277949730691,-1.1344589282460094
S0148,-0.03875566404487908,-0.07372687895466667,-0.19577421210743123,-0.8424110321967792,0.43265615257969103,-0.3173371147671696,1.1036648707547636,-0.18037225252830674,-0.9646474228665894,-1.6877105518433855,-0.17210943144837143,-1.2692045713626225
S0149,-1.349961854004778,0.527457309146987,-1.7776700611633918,1.4121933783329124,0.15971638439554017,-0.04384263102496118,-1.034765940550586,0.764372296342938,-0.0029049335973952714,-0.686096642740802,0.19982469665158892,-1.6827854554393802
S0150,-1.6353271315491387,-1.1201860853010783,0.3495272676097139,-0.003258321806131569,1.0489792655557526,-0.9199898521685768,0.5746678404813418,-0.11387055239528114,-0.9430451947409286,0.38530767071291894,-0.06601185824523254,-0.6291191941453987
S0151,0.04199908714409162,-0.129530385937392,-0.1536880685175025,-0.41259314991079943,-1.3049485388936377,0.07476541589487229,-0.8027143737214145,-1.0203288676440678,-0.24069984410260706,0.7340265441721783,0.18561350769098114,-0.531142208357589
S0152,-0.5713460578678574,0.635813262188768,-2.39673576944724,0.7973649891994805,-1.874015774930339,-1.4154079083229805,-0.5142658312632256,2.170124142930845,1.6774193600142666,0.7064877557971356,0.35654237829544994,-1.8622769680124747
S0153,0.15675816288069885,-0.5492215185599713,-0.8166693336227218,0.15480308997465927,-0.4711100094466988,0.8692995459688505,-1.9359547676126674,0.07501142234598206,-0.8790972235140434,-0.40963582891569356,0.3046264194792415,-1.117307862610067
S0154,0.16423213931246486,-0.2123382052092645,-0.6605868651768887,-0.4705724860109197,-0.15455189118692608,-0.7678365125632122,0.007094475325611389,-0.2781766216660757,-0.6112825370669608,1.5898422339029836,0.41523992256162096,-0.38271223262295445
S0155,0.14586043082470876,-1.0268201367735081,-0.4367716067785833,-0.3200774504382476,-1.2467939099098826,0.3873540479944179,-0.5056127026128259,-0.3554666674474038,-0.5687198591233552,2.9590905906430995,-0.6626151501740128,-2.0686769538858276
S0156,-1.5999319709588355,0.7593026226954348,1.3364526916831299,-0.6817971913728537,1.2789496696354639,0.7415899998425441,-0.18948013098608893,-0.26044628377053547,0.18087022641565326,0.877455822153641,0.3972945655950222,-0.6768083017986958
S0157,-0.1742070470263107,1.981263454721924,0.251213797296192,0.8693254268826153,0.5398849872492323,0.2733577439977027,0.10869890001506896,0.8973906253249794,0.7186422353106833,0.2638934780115486,-0.6937625255478881,0.3855588055484719
S0158,-0.06700793646808344,-0.3082559113450759,2.678775974966068,-1.5390513077078276,0.9585128590574828,-0.8626709442538306,0.1311954893433961,2.568587519090185,-0.9623689948240629,-0.7238726548272637,-0.01751373715160032,-0.8472169576313617
S0159,0.884056350940301,-0.5345294360632951,0.6540096401493369,-1.3291891318000693,-1.8068315021542254,-0.22898497895304948,-1.568507838037595,1.5182689127654503,-1.529803490494998,-1.0376866876706978,0.4136198854746102,-0.5863639500620061
S0160,-1.518387969867604,2.0399641600719596,-1.001633803159574,-0.1962578074965492,-0.20919252010603026,0.7103091519665778,0.4623524606710589,-0.8268010377310057,-0.3258272174433068,-0.22692243354181574,0.748959498198562,-1.1683219148586013
S0161,2.018110556755782,-0.7591833874594441,-0.008749396756593255,-1.1599894396932418,-1.2981590116406168,-0.874428409077624,-0.9705232176642551,-0.4142570241548305,-0.9789650287637407,0.6955524212942098,-0.782983895318375,-0.8938154934519152
S0162,-0.3929688641172687,0.9928388786962945,0.2148761736103992,-0.09968952988746987,-1.433044769968679,-1.1427084598637094,-1.2784099400396236,1.3068512236723466,0.5305631231316476,-0.8616205089241941,-0.5643716438256554,-0.8252901762373339
S0163,-0.8858612163807086,0.46030103121618055,-0.2875362207843132,2.0811677442974634,1.2503598245169982,1.3094803404667223,0.6713569749481262,-0.4226590705071891,0.5977908845295841,-0.34883269452865795,1.6302760507283627,0.40427938304992056
S0164,0.26236035860301515,0.12707266242950907,1.7402664273608581,-1.4337503338367856,1.8382878276687262,-0.18615380745413765,-1.4061489758156511,-0.752209731643056,-1.6508072627235828,0.65365674558564,-1.0382929503465195,0.16866766620470017
S0165,1.1342170301658476,-0.6720169285661368,-0.2681036930243923,-1.3033666099160157,-0.3883571089511976,2.574023625273372,0.7779331641104418,-0.2647304188936049,-0.6116880361817151,-0.04263339565643339,0.1300507521936395,-0.4190697071457578
S0166,0.5300591957711293,-0.953447490060409,-0.9583876749842681,0.3701954570502046,-1.1686417535643978,0.7290172528625397,-0.014280612396933458,-1.8279092187172135,0.10949912556094678,-1.6851466245889946,0.6933620096556613,-0.24871432925059608
S0167,1.8510842165068195,1.071312844372607,-1.0606925062318246,-2.0207398638414173,-0.7551012567913739,-1.2212586028303711,1.825738086877094,-0.01031465928015141,0.9334188041831667,-0.2850309125505859,-0.1796674882806456,-0.03262702250890829
S0168,1.1065393185924464,0.31162475567459863,-1.057333843476665,1.6225141380864172,-0.29281549898631315,-0.4555201238766485,-2.829505302249035,0.634399591161337,0.1010126396618833,0.09992565660190209,-0.40282467111081804,-0.5752178401327828
S0169,-0.36958042683042985,0.46316087112727944,0.6391177730333506,-0.23103158837459842,0.948937494316759,-0.07897418101747768,-0.5042264181236554,0.19841557490736433,-1.3593864184938602,0.23271830907924854,-1.5421821055263716,-1.0277269599837642
S0170,-2.0186914067166244,-0.17511695267150065,1.6096337023090939,-0.11707666108143513,0.6435853794331272,2.352313897312389,0.4040558481200959,-0.7652120445880223,-0.6275686027358373,0.0006582082230062616,-0.6328946452609244,-0.5580869998134319
S0171,0.9852539092594899,1.0261562807722122,-1.646892482048664,-0.8181695179002196,-0.4640043869133926,0.599088946165252,1.1430755885056563,2.701967934273884,-0.4656732962826614,-0.4157287143420289,0.5885700156377142,-0.6822167189548592
S0172,-0.1409618614905171,-0.41503810878354574,-2.621653921904179,0.12323323015154566,-0.18236095930279028,1.2712310502568995,0.005490407536354829,-1.2547474783141723,-0.25809887297952333,-2.091082843136628,-1.2109178351996426,0.6355059681529976
S0173,-0.24734043995366325,0.9225082394980657,-1.9668922508780478,-0.242461397323753,-0.47551249838778537,0.955848582613206,0.6727627681666226,0.642252150088298,1.5414100380841014,-0.36808710928656624,1.335080835300719,-1.044206150879736
S0174,-1.0808777497656938,0.7527465714983388,-1.5047407384088016,0.5727656284189578,0.10131319372132609,1.0718527286548727,-0.05944396495488946,0.056048946295527126,0.5092649929249059,-0.6626495500597784,-0.7062063074902213,0.47442943984341945
S0175,-0.02928780913063744,-0.40731391730428035,-0.08278409969766753,1.59455950783833,-0.4430184067398925,-0.4720196132820156,-1.707444224662495,-0.042352938157114994,0.656883511240392,0.8361981156808681,0.10821760163053258,0.9558335730808833
S0176,0.7312304018802419,1.1129502296922626,0.9843026554775617,1.5699781961072512,-0.16969316656624964,-1.3270580423615084,0.6637187436854202,0.7805531893227763,1.5699953933811395,1.281290356169706,1.9454724558645653,0.619853980326533
S0177,0.22881059193862816,-1.3849831213257466,0.30809653451408037,-0.5525033568713179,0.21151001343247092,0.05451318630965609,0.47173358885013494,-0.09733070953851063,0.9350201907325847,-2.723154312875058,0.18999357515784446,1.202489779152562
S0178,1.8700485084562146,0.7319613383850628,1.6848830225825389,0.16893599575874238,0.002862575927063058,0.5294156432277516,-0.0031942828910650643,-0.7823574680173606,-0.5152402441318994,-1.1121529060761572,0.5283770948652446,0.011391812500477263
S0179,-0.3602861167580975,-0.5666837568372902,0.5050563461996265,0.7804481806100702,-1.1305139965051827,-1.2876846697756177,0.954509955621015,-1.3751332384885957,0.5474868338224844,1.6169091987540132,1.6192348033931345,0.7378725906320917
S0180,0.7088095153221207,2.251907450196455,-2.3343956628937708,-0.4643356760806351,0.8484918490766015,-0.33728700784195703,1.2397783086070346,-0.039354060310192646,0.13174386033759755,-0.27467466424593767,-0.5225109588080608,-0.5471099631476519
S0181,0.2711662968367763,-0.7745649658228669,0.9532048834912875,0.6532259246028234,1.0994164409698404,-1.1289243559929987,-1.6994765467864439,-0.004185755631763539,2.898800613559521,1.2662087780945706,-0.5544463085067131,0.424512134431341
S0182,0.7275869074436836,-1.3683882407328614,1.3696258690346048,-0.1674241268209407,-0.09068084460786036,0.02378465943385564,1.1445401393078949,-0.755182158201408,-1.7069700047844523,0.3229552929000445,-2.043658086173129,-0.3011035951355401
S0183,1.1868742898588183,0.5790939035087382,1.042356065725276,0.620351365202829,2.410334488783408,-0.588239627656815,0.3981316770083233,-0.43812047121265035,0.9568012699148709,-0.06157487605049596,1.7188448794440452,-0.5308159554019765
S0184,1.4071265257169843,0.5931395305439708,-0.032461069086980585,0.5424423378599244,0.26126438752919223,0.35595468025181004,-0.2068710730943909,-0.7015885075549914,-0.3350711199625306,-1.6831449779482226,0.8419483325326256,-1.2351639721754797
S0185,-0.21764705523569966,0.6480450414810331,0.8393967170999113,-1.7746519368372387,-0.09184807522507778,0.45974469944882207,0.052016109262326755,1.3440749576735447,-0.8218068999146023,-2.0490411301901967,0.8103260167685212,-0.5370861196184876
S0186,-1.758540597585998,-0.15851239056647382,1.2305579759317014,-1.2632526178126982,2.3359959539472674,-0.8378815945366619,0.08701085412574988,-1.2191324178476084,0.041610348696014196,-0.13374782175867694,-1.4894939023310871,2.82582696895091
S0187,-0.4953371690186946,-0.49446255730602856,0.9690358793536544,1.8142548833484688,1.1264368680043029,-1.2011801230265864,0.21390900949466274,-1.8813724823849947,0.9017050813223565,-1.635188138530462,-0.803201323609237,-0.0032015040313106763
S0188,0.44500656114101217,-0.2609346233953191,1.5190836767328817,0.7232395821922794,0.6447247540642086,-1.2294009019846637,1.6993678975454027,-0.8030651442785116,1.737542432987094,2.0221950569255713,0.5126565323637751,1.0320130976794208
S0189,-3.0829197630568688,-0.1950024154903774,1.1021656399195396,0.9245102683140846,-1.2197233380998775,-0.29372203986787376,-2.5363655052011467,0.41299284017275345,-1.8833284012268237,1.1304778427875717,1.182724860717409,-0.47436681440649864
S0190,0.5212759304540885,-0.2170987240605085,0.24190839501486613,-1.14725942324315,0.6224926232399093,-1.6411852302244163,-1.8299301623293818,-0.12192831666699186,-0.2112432796112795,0.27230173055175044,-0.6495074902363289,1.8856916657855893
S0191,0.16060498937944198,0.23288177851622544,0.19723387740704562,1.002909868948078,0.5760174144844643,0.44201789970827926,0.7359841048655908,-1.8246146370471914,-1.7868476505857773,-0.07605874530144384,-0.19767388268190214,0.5798098440482081
S0192,0.020016902183505356,0.5818649344542106,-1.2455952695612857,-0.01074457040869473,-1.3410567379577842,0.38685793437140087,-1.8782850423633206,0.34831009854087963,-1.4689993808971122,-0.3835277932217955,0.894927691449249,0.22737998859841746
S0193,-1.645660223724301,-0.6723938446940241,-1.501378525476802,-1.6947584996051934,0.1176631761339743,0.5602983435601032,0.4406059207156895,0.6026268148797509,-0.011910850885818457,-0.2733902187499678,-1.0730693270623144,-0.4400796717504989
S0194,-1.3213483853261705,-0.8451655271269194,0.08892687043804186,-0.1178060875409223,3.064728037894776,-1.3457955975050075,-0.12509872083178206,-1.4237321112037242,-0.3877858759699509,-0.34709318211518453,0.8448800262331382,-0.4496665392179212
S0195,-0.19131960005615892,-0.4303179624722195,-1.401051744057209,-0.6521023717931075,-0.3819367150838177,0.07382588340638456,0.5589472872248251,-0.2345965097110292,-0.2521762639813468,-1.720813158487053,0.5397345172563511,-0.6958978871500408
S0196,0.7471232382297756,1.3164399478541957,-0.18791502669300522,-1.0233112807658922,-0.016698613086298133,0.34870199801863844,-0.3155200012467209,-0.5640384093793239,0.5635322106974137,0.49757827469419513,-0.3462896403271577,-1.6540661652606898
S0197,0.4563781853794524,-0.7673271934413766,0.21434107537030897,0.15115723167903694,-1.8889474270426652,0.0810816844115734,0.5145325253744555,0.6371524153104868,0.1173657510963127,-1.97718604394959,1.2770810621866373,0.41102266754258043
S0198,-1.2033193293704774,-0.7877630401582735,0.23122420929452067,0.6797841932982557,-0.4879628563477017,0.8255254073790749,-1.7927668291001777,-1.0424590110937872,-2.0643640098420826,-0.8974051428696932,1.5080771845440948,2.0578022345854023
S0199,0.23459046823044263,-0.6384292072685546,-0.22163990085094343,0.4733398908330222,-1.5629808516390824,-0.5724991759812048,1.434893074450249,-1.0457100693283625,-0.7490248992615429,0.013193655981440497,0.28314225950470917,-0.6250040461994723
S0200,0.07696438325195544,0.6079395337394395,1.9614518237636474,-0.1262443794347809,-0.041297315340562746,1.5274523459795106,-0.5491658582980953,-1.3243530327621809,0.2502489756589624,1.076175025087915,0.36104713519968545,-0.09701565754724577
S0201,-1.4483933731348388,-0.058369245268373136,1.2331549263163366,-1.2341170815392215,-0.24474717380327135,-0.38748473215836077,-0.6977045706377453,0.24792300451900576,0.4433052412560076,0.4328269047934368,-0.976809763615125,-1.6459836943336827
S0202,0.2623884365307285,-0.5059190414826519,1.8383123796867857,1.8845096960149461,1.99068979439604,-0.9401109010347132,0.5693690867420935,0.870952517251484,0.7583542335444021,-0.3543979441938586,1.279164902965326,0.0004749863665227949
S0203,0.1281061249354394,-1.5378334517771435,0.6447649695729887,-0.2604117135724109,0.4647788621005251,0.23511369980461824,0.18093657666377086,-0.045713572466684164,0.786599734660454,-0.1988925368850661,-1.4551974194529833,0.5689556063739339
S0204,-0.8090055249116386,-1.3242618426821398,-1.0222433341425983,0.2833323793569209,-0.0965188030948501,-2.1326830296728474,-0.3836559430526696,1.1692312249747645,-0.4512956709333788,-0.1654765534275925,1.0429914373271527,0.7954892582045359
S0205,1.021751087651711,-2.772553610053703,1.7335230384421108,0.636400435427929,2.46147641402415,-0.7823260307742839,-1.7634506056489103,0.007218456725176393,-0.2753723297571609,0.6536639836148213,1.0749283445863558,-0.08729414487949709
S0206,-0.24070804581272578,0.5227198195161272,-0.25632866569249774,-0.3399821008967875,1.037134938675286,1.2597778569035725,1.0839662438630937,-0.16822971272552553,-2.139788987753183,-0.1482060863928482,-0.7579800126770487,-0.12972501901058803
S0207,-0.6710908927176088,-0.020739855465601982,-1.0392756292315644,-1.2807174367183787,1.222691482570892,-0.9696576133676534,0.00033162525635355324,0.9545148466028355,0.9143041262295727,0.7948482049153512,0.3028665145015353,0.7240033085368497
S0208,1.3730881326061544,0.4250225939953734,-1.8372023468141836,-0.5285332061500967,0.6963700717220878,-0.6270959337094042,1.6201061394586438,-0.0631798281664315,0.08524877135943626,1.1247441989017355,-0.18284989730929277,0.17627703572818604
S0209,0.8991234839991122,-1.4722706158336862,-0.2852981623875496,0.8291532953791201,0.06560014834259406,1.4673338120774801,-1.5759233581869183,-1.6900017679461332,0.7696865166227178,0.8658072149327748,-0.19325000683183333,0.4003944000457243
S0210,0.7452069776314066,-0.8138632058517464,-0.7068483750492992,0.1897261791986366,0.9040889598937201,-1.1659569263579848,-0.19794763193501935,-0.24423663170443868,0.4179591050427642,-0.008698370008834274,-0.5458835838028594,1.2485657807574058
S0211,-0.53925748162082,-0.29209636302145364,-1.5914976359196236,-0.7136258768458952,0.51607607633905,0.3206019563548599,0.5995169900657619,0.5509822859456703,2.087714036295154,-0.74785882744691,-1.6194237434347885,-1.0505529960715239
S0212,-0.7036518358315914,-0.9743269366169109,0.09366084764485418,1.2526549055570213,1.5396590729699147,0.5043085018466044,2.1412722154540154,-0.3563730565664191,-1.6325190420024265,1.0531780678881695,-1.8385943917490626,-0.7550030226998042
S0213,0.5201122324227964,-0.10238148004878078,-0.1909527628715059,-1.180790032820006,-0.010802389433337011,1.0036624887377918,0.01996791653601892,-0.8302258796410609,-1.2475384605973305,-0.8095945829555786,0.3923337524143584,0.3436022623597101
S0214,-0.8005071005956687,-2.210759421982058,0.4200127636721649,-0.897707398975251,0.6890624790152835,-0.7561096421277498,-0.9879004536698087,0.15317190725958432,2.357699230026369,0.7490299911165732,0.1362192992058518,0.3588515363809683
S0215,-1.7511158614855973,-1.1223403707525563,-2.510928865047139,1.7298738945766226,1.5273860291557484,0.3928185262149098,0.13511510308420474,-1.5515900024975802,-0.21929996025069107,1.7923918784038924,0.1314159981957143,-0.5646464662118963
S0216,-1.7580706600036133,1.380305727730805,-0.07008380102765632,-1.7567338533628292,-0.924265682071542,-1.2775380173581303,-0.13174352571197195,0.2073389696128186,-0.5032170642785246,0.7770465964868817,0.07880224047244168,1.06231238527213
S0217,-0.3571940780807189,3.0453255920111455,-0.5644887234739576,-0.9033299917558719,-1.0263005500957576,-0.21094072655430532,-1.7195360908657837,0.29456284382781067,-1.905303769564807,0.16167092405723113,-1.3512517440963532,-0.38129340738009276
S0218,0.6045403991323594,2.3040376838763534,-1.078000520781157,-0.1503174494263918,-0.7237586747755422,-0.8698703225607956,-0.7149733299695444,0.8240664756369391,-0.48805586423037967,2.249312698270855,0.415979255894734,-1.0100106611740751
S0219,-0.3667051821450773,-0.8018469900399894,0.8000686529467138,-1.6387796565652528,-1.3409513804358102,-0.5915461187491414,0.6829467931383254,1.2330602748227724,1.3805421907728432,0.5298015199475303,-0.08288953635802004,0.7946258123139927
S0220,-1.1445006174317105,-1.8446572220162265,0.436637577686489,-1.00567841714885,-0.06530673216548083,0.1196270158728145,0.24811955917829656,0.937791538525052,0.8320751882917314,0.19500006716769022,-0.4420152804694056,0.10776208867632091
S0221,-0.5962104166749215,-0.19642892200617093,2.6181734235804135,0.18218970088354047,0.45024501703754843,-0.7054806490303621,1.020073416429868,0.7602724226634243,0.7673525546550849,0.21489124675346327,1.0341900957667707,1.2716851966347333
S0222,0.2830989193492951,-0.1146123590003228,0.8945709901147607,-0.9041253065597437,-0.7179602806153267,-0.05330034288490133,-1.7413570684381454,0.8275952735634243,-0.9629138874658232,-0.47149102150175687,-0.2132795956797711,0.039286821570550176
S0223,-0.3436532764230419,-0.06737104723034884,-0.05962763239041407,-0.44703095762712625,-0.7731944576387653,1.0814739243556017,-2.104405702266703,-0.20571515900948276,-0.46889947188421555,0.4187914867264866,-1.4542927965190087,-0.49978534124360413
S0224,-0.10235973398975594,1.0700736103704593,0.33218496679542386,-1.1834882108688618,-0.4874767187206597,0.886051352660691,-1.2007748659230675,-0.07864426837237082,-0.009120452526275582,-0.3857830599207645,2.695751782798915,-0.41273145944754897
S0225,0.4497651593677976,-0.7663011202192842,0.5277479919994043,0.8707875968519352,-0.587964036746098,-0.054701815218532915,-0.8952797698908733,-1.1444038120498916,1.0367954325002064,-0.5540009458836479,-2.41361232850807,1.7653561564936229
S0226,-0.8020953230626062,-0.24637304374803073,1.6409065054943148,-0.14174209418763992,-0.1633366022018634,-1.2281730445505332,-1.6348336996275665,-0.1663862645961283,0.3628097740748948,0.30552540821077256,-0.4812610804692158,0.020257799346942336
S0227,-1.8372099953279672,0.4601670206954785,0.16140584477004594,1.9736608941828575,0.007479646429047295,-0.942669352146079,-0.050723134088819094,-0.327799800015837,0.43470786877039785,0.026892061725186146,-1.2599467010526437,-1.6357432881940195
S0228,0.262908202633016,1.383114541069239,0.07934788405171923,0.8132973539202071,1.0128091542036002,0.26679184579466836,-0.8144914878614082,0.19530808504556424,1.2070728876004806,0.5298905495999142,0.7482453428286557,-0.4625462416918259
S0229,-0.2023537597454822,-0.11872731090036714,-0.05133800253679587,1.1679583160123588,-2.3471737283381673,0.03053830458183765,-0.07949637569485415,-1.371501141444149,0.671767216587465,-0.7245001919449245,-0.3570326493531597,1.8487819077540433
S0230,1.0099736495390559,0.5744869391451162,0.38077693464440415,-0.16468002244534266,1.9993772653701014,0.8021676314402391,-0.7495499139652525,-1.400102278217654,0.5668380019892694,-0.05586912987844468,-1.4289381669461676,0.4285861657115819
S0231,-0.2690271603115207,0.5306649255274699,0.4417402145809067,-0.6082640215438392,0.6328447644242048,-0.4979050826348992,-0.4328818731809713,-0.532271406621378,1.1309744278062708,-0.2805723880543605,1.3724431805642519,1.78348487018686
S0232,-0.7387191368544488,-2.9209953146969334,1.0445095432712728,-0.3419718973601411,-0.8661864131319914,-0.5887181061529682,-0.4148138213660293,1.29719309069374,0.1599112393175145,1.2835986301081355,0.4942201192784956,-0.3092307239504844
S0233,-0.3903572032092572,0.5616087507496011,0.8204256293327086,0.9967926857008693,-0.261538511375743,0.1752058564044724,0.5840404092553264,-0.38396502593686194,-1.1349400338027669,-0.8062710667021233,-0.24103544254798545,0.662207139220301
S0234,1.2589774955721018,-1.3560472087346207,-0.5973450139299826,-0.3578624970632518,0.7947170323066438,-0.5281105353885002,-0.4297323349474719,-1.411992577150224,0.483407315973259,-0.16139907459655461,-0.6540450349795964,-0.25951322448209657
S0235,1.126995501931263,-1.004886908319843,-0.8416596311035961,1.252252447465621,0.07577482801885757,0.6697540967119173,0.4017519100056866,-0.03533455229394842,-0.34829911914855655,0.8315580224838186,1.162336567811155,1.0841883470160967
S0236,-1.1854716336476838,1.304911017844329,-0.35793525419764505,-0.7550295375448344,-0.1693276967684734,0.831128435248732,0.5404641840280625,-0.25538641185426775,0.8376658668779747,0.13986058075943492,-0.5729714655393743,-0.7080352829584932
S0237,0.4102348444216199,-0.08251773581560166,-1.3755051534136362,0.8471614930695031,-0.4802750286244204,1.5921196479887945,-1.402989985154711,-0.18070859639001138,-0.6999776844392276,-0.9754225203773388,-0.48679071675837665,1.7705676090369815
S0238,0.14337017007950356,-0.7917080387974289,-1.828628410337405,-1.7213625463476863,-0.5364631441187353,-0.6336879841386601,-0.22405070623448545,-2.2721838004358514,-0.0916815950465335,1.0277297751471077,1.6228412473641953,-1.8944461479171393
S0239,-0.8013927592391555,-0.8542338609745351,0.14572142752565,-1.2197724678764534,1.6822632487266809,0.04352247168573978,-0.12314628929921174,1.5927137337827775,-0.016047624083348175,0.40030340649868873,-0.7507982732920492,-1.3705020650543835
