sample_id,rs1,rs2,rs3,rs4,rs5,rs6,rs7,rs8,rs9,rs10,rs11,rs12,rs13,rs14,rs15,rs16,rs17,rs18,rs19,rs20,rs21,rs22,rs23,rs24,rs25,rs26,rs27,rs28,rs29,rs30,rs31,rs32,rs33,rs34,rs35,rs36,rs37,rs38,rs39,rs40,rs41,rs42,rs43,rs44,rs45,rs46,rs47,rs48,rs49,rs50,rs51,rs52,rs53,rs54,rs55,rs56,rs57,rs58,rs59,rs60,rs61,rs62,rs63,rs64
S0000,0,2,1,1,1,2,0,2,0,0,1,2,2,2,2,2,1,0,2,1,1,1,0,2,2,1,1,2,1,1,1,0,0,1,2,0,2,2,0,1,0,2,2,1,0,2,1,2,2,2,2,0,1,1,1,0,1,0,2,2,2,2,1,2
S0001,1,0,2,1,0,1,2,0,1,0,2,1,0,0,1,2,2,1,0,2,1,2,0,0,2,2,1,2,2,1,2,0,0,2,1,0,2,0,2,0,2,2,2,1,1,2,0,2,1,1,1,1,0,0,0,0,1,2,1,1,2,1,0,2
S0002,1,1,1,1,0,1,2,0,1,0,1,1,2,0,0,1,2,2,0,0,2,0,2,0,2,0,1,1,0,1,1,2,2,1,1,1,1,2,0,0,1,0,0,0,2,2,2,1,2,0,2,1,2,0,1,2,1,1,0,1,0,0,2,1
S0003,1,1,2,0,1,0,1,2,1,2,1,2,1,0,2,2,0,2,0,2,2,1,2,0,0,0,1,2,0,1,2,0,2,0,2,1,1,0,1,2,0,2,1,2,1,1,0,1,0,1,0,1,1,0,2,1,2,0,0,1,0,0,1,0
S0004,2,0,0,1,2,0,0,2,2,1,1,1,1,1,0,0,0,2,1,1,1,2,0,0,0,1,2,1,1,2,0,1,1,1,2,0,2,0,1,1,2,1,0,0,1,2,0,2,1,0,0,1,0,0,1,2,0,0,0,1,2,2,2,2
S0005,0,0,1,2,2,0,0,0,0,1,1,1,0,2,1,2,2,0,0,2,1,0,1,1,2,0,2,2,0,0,1,0,0,1,2,2,0,2,0,2,2,2,0,2,0,1,1,0,0,2,1,1,1,1,2,0,2,2,1,0,0,2,2,0
S0006,0,0,0,2,2,0,2,0,1,1,2,2,0,0,0,0,2,2,0,2,1,1,1,0,2,0,0,0,0,0,0,2,2,0,0,1,2,2,2,1,1,0,2,2,0,2,0,2,2,0,1,0,1,2,0,1,2,0,0,1,1,1,0,2
S0007,1,0,2,2,1,0,1,1,0,1,2,0,2,0,2,1,0,2,0,1,0,2,2,2,1,1,1,2,2,0,1,0,0,2,0,2,1,0,1,1,2,1,2,2,2,1,0,1,0,1,2,1,0,1,2,2,0,1,1,0,0,0,2,2
S0008,2,2,2,0,2,0,1,1,1,0,0,2,0,0,2,0,2,2,1,0,0,0,1,0,1,0,1,0,2,0,0,0,2,0,1,1,1,2,2,1,2,0,2,1,2,2,2,2,1,0,1,0,2,0,0,0,1,1,2,1,0,0,0,1
S0009,2,1,2,0,0,2,0,0,1,2,2,0,2,2,2,2,0,2,0,2,1,2,1,1,1,2,2,0,2,1,0,1,2,2,2,1,2,1,2,1,0,0,0,0,1,1,0,1,1,0,1,1,1,1,2,0,1,1,0,2,0,0,2,2
S0010,2,2,2,1,2,0,1,1,2,2,1,1,0,2,1,1,2,1,0,0,0,2,0,0,1,2,1,2,2,0,2,1,1,0,1,2,1,0,1,2,2,0,2,2,0,2,1,1,1,2,2,2,2,2,0,0,2,1,0,0,1,1,0,0
S0011,0,1,0,1,1,1,2,1,2,2,2,2,1,1,0,1,0,2,2,0,2,0,2,0,1,1,2,1,2,2,0,2,2,1,2,2,2,2,1,0,2,1,1,0,0,0,2,0,0,2,1,1,2,1,0,2,0,1,2,2,1,2,1,1
S0012,0,1,1,2,0,2,2,2,1,0,0,2,2,1,0,0,1,1,0,2,1,0,0,1,2,2,1,0,2,1,0,1,0,0,1,2,2,2,1,0,1,2,0,2,2,0,2,2,0,0,1,2,0,1,0,1,1,0,2,2,2,0,0,0
S0013,1,0,2,2,2,0,0,2,0,1,2,0,0,0,0,0,2,1,2,2,2,0,0,2,0,0,2,2,2,2,0,2,2,2,2,2,1,0,1,0,0,0,2,1,1,2,1,1,0,2,1,0,2,2,0,0,0,0,0,2,1,2,2,1
S0014,1,0,0,1,0,0,0,2,1,2,1,0,1,0,2,0,1,2,1,1,1,2,0,1,2,1,1,0,0,2,1,0,1,1,1,2,0,1,1,2,0,0,1,1,2,1,2,1,0,0,2,0,2,0,0,0,1,1,2,1,1,1,2,1
S0015,0,1,2,0,2,1,1,0,2,0,0,1,1,1,0,0,0,1,1,1,1,2,1,1,1,1,1,0,0,2,1,1,0,1,1,1,1,1,2,1,2,2,1,2,0,2,2,1,2,1,0,2,0,0,1,2,1,1,0,0,0,0,2,2
S0016,2,0,0,0,1,1,1,0,2,0,0,2,2,0,1,2,2,2,1,1,2,0,0,1,2,0,1,1,1,2,0,2,1,2,1,0,2,2,0,2,2,1,2,1,1,0,2,0,2,1,1,0,2,0,1,2,2,2,2,1,0,2,2,2
S0017,1,0,1,1,2,1,0,0,2,2,0,1,1,1,2,0,0,0,0,2,2,0,1,0,0,0,0,1,2,1,2,1,0,0,0,0,2,2,2,1,1,1,1,2,2,2,1,0,2,1,2,1,2,1,2,2,0,1,1,2,2,2,1,1
S0018,1,2,0,1,0,2,1,1,1,1,2,1,1,0,0,1,2,2,1,1,1,0,0,1,0,0,0,0,1,2,2,1,1,0,0,1,1,0,1,0,0,2,1,1,2,2,2,1,2,1,2,2,1,2,1,2,0,2,1,2,1,2,0,0
S0019,1,2,2,1,1,1,2,1,1,2,0,2,0,0,2,2,2,2,1,1,0,0,0,0,1,2,2,1,2,2,2,1,0,2,0,1,0,2,1,0,0,1,1,2,0,2,1,2,0,0,0,1,2,0,1,0,2,2,2,2,1,2,0,2
S0020,2,2,1,2,1,0,2,0,0,1,0,2,1,0,2,1,0,2,1,0,2,1,2,2,1,2,0,0,1,2,1,1,2,2,2,0,2,1,1,1,0,0,1,2,2,0,2,0,2,1,1,2,1,2,1,2,1,0,2,1,1,0,0,1
S0021,0,2,2,2,2,1,0,1,1,2,0,1,1,0,0,1,0,0,1,0,1,0,0,1,2,1,2,1,1,1,2,2,2,2,1,1,2,0,1,2,1,0,1,0,2,2,0,1,2,2,0,1,1,1,0,0,2,0,0,0,0,0,1,2
S0022,0,0,0,1,0,2,1,2,1,1,2,1,2,2,1,2,0,2,2,2,0,2,1,0,0,1,0,0,1,1,0,2,2,1,2,1,0,0,2,2,2,0,0,0,0,0,1,0,2,1,0,1,2,0,0,0,2,0,1,1,2,0,2,2
S0023,1,0,2,0,1,1,0,1,0,0,0,0,1,2,0,0,0,1,0,1,0,0,1,1,1,2,1,2,1,0,0,0,1,0,2,1,2,2,1,0,2,0,0,2,1,0,1,1,2,2,0,0,1,0,0,0,0,2,0,0,2,0,2,0
S0024,0,0,2,1,1,0,0,1,0,1,2,2,1,0,0,2,1,1,1,0,2,2,2,2,0,0,0,2,1,1,2,1,2,2,0,1,2,2,0,0,1,2,0,1,0,0,1,1,1,0,2,0,2,0,2,1,1,0,2,0,1,2,2,2
S0025,0,2,2,0,0,2,0,1,0,0,2,0,2,2,0,0,2,1,0,2,0,0,2,0,1,2,1,1,1,0,1,2,0,2,1,1,0,1,0,0,2,0,1,1,0,0,1,1,2,2,0,0,0,1,0,0,2,2,2,0,1,1,0,1
S0026,1,1,2,2,1,2,2,1,0,2,2,2,0,1,2,1,2,0,0,2,1,1,1,1,2,0,2,2,1,1,0,2,1,0,1,2,0,0,2,0,2,2,2,2,0,0,1,1,2,2,1,2,1,1,1,1,0,2,1,2,1,2,2,1
S0027,1,0,2,2,2,2,2,2,1,0,0,0,1,2,1,0,0,2,2,1,2,2,2,2,1,1,1,0,1,1,1,1,1,1,0,1,1,2,1,1,0,0,1,1,1,1,2,0,0,0,0,2,0,1,0,2,2,0,0,0,1,2,1,2
S0028,1,0,1,0,2,0,1,1,0,1,1,0,0,0,0,1,0,2,0,1,2,1,2,0,0,0,0,0,0,2,0,2,2,2,0,2,1,2,1,2,1,0,1,0,2,0,0,1,1,0,2,2,2,1,1,1,1,0,0,0,1,0,0,2
S0029,1,1,1,2,2,0,2,1,2,1,0,2,0,2,0,0,1,2,1,0,0,2,2,0,1,0,0,2,1,0,1,1,0,1,0,0,2,2,0,2,1,2,2,1,1,1,2,0,0,0,0,0,0,2,0,2,0,2,0,1,0,1,1,1
S0030,1,1,2,1,1,0,1,0,0,2,0,1,2,2,0,0,1,1,2,0,0,0,2,0,1,0,0,2,0,0,2,1,0,1,2,1,1,1,1,0,2,2,0,2,2,2,1,1,2,0,2,2,2,1,1,0,2,1,0,2,1,1,0,2
S0031,1,2,2,0,0,2,1,1,0,1,2,0,1,2,0,0,2,0,1,1,2,0,1,0,2,1,1,1,0,2,1,0,1,2,2,1,0,1,1,1,0,1,1,2,1,1,1,0,0,2,2,2,1,0,2,1,0,2,2,2,0,2,1,1
S0032,2,1,0,0,1,2,2,1,2,2,1,1,2,1,0,2,1,1,2,2,0,1,0,1,1,1,2,1,1,1,0,0,2,0,0,2,0,1,2,1,0,0,2,0,2,0,0,2,2,2,2,0,2,2,0,0,2,0,2,0,0,0,0,2
S0033,2,2,2,0,2,1,1,2,2,2,1,1,2,0,0,1,0,0,2,2,1,1,1,2,1,0,1,1,2,2,2,1,1,1,0,2,2,2,0,0,2,1,2,1,1,1,2,1,2,0,1,2,2,2,0,2,2,2,0,2,2,2,0,2
S0034,0,1,1,1,2,0,1,1,1,0,0,0,1,1,1,1,0,0,1,2,0,2,1,0,1,0,0,1,1,2,0,2,0,0,2,2,1,0,0,1,1,2,0,0,2,0,0,1,1,1,2,2,0,2,1,0,2,0,1,2,0,0,1,2
S0035,0,1,1,0,2,2,1,0,0,1,1,1,0,1,0,2,2,1,0,2,0,2,0,1,0,0,2,2,0,2,0,0,0,1,0,1,0,0,1,2,2,1,0,2,2,2,2,2,2,1,1,0,0,2,2,2,0,1,0,2,0,0,1,2
S0036,2,0,0,0,0,1,0,0,1,0,0,0,0,1,2,2,0,0,1,1,2,2,1,0,0,0,0,2,0,2,1,1,1,2,0,0,1,1,1,2,1,0,0,2,0,1,1,2,2,1,0,1,1,0,1,0,1,2,2,0,2,0,1,0
S0037,0,0,0,2,0,1,2,2,2,0,2,1,0,1,2,1,0,2,2,2,2,2,1,0,1,0,1,1,2,0,0,2,0,1,2,1,1,2,1,2,1,0,1,0,2,1,1,1,1,0,0,1,0,2,0,2,1,1,0,1,2,0,0,1
S0038,0,0,1,1,1,2,2,0,1,0,0,0,1,2,2,1,2,0,2,2,0,1,2,1,2,2,1,0,1,0,1,1,1,0,0,2,0,0,2,0,1,0,0,1,1,0,0,0,1,2,0,0,1,1,0,0,1,1,1,0,2,1,1,0
S0039,2,2,0,2,2,0,2,0,0,0,1,1,1,0,0,2,2,2,0,2,2,1,0,2,1,0,0,1,0,0,1,2,0,1,2,2,2,0,2,2,0,1,1,1,0,2,2,1,2,1,2,1,1,0,1,0,0,0,2,0,2,2,0,1
S0040,1,1,2,1,1,1,2,1,1,2,2,2,2,1,2,0,0,1,2,1,1,1,0,1,1,1,1,0,2,1,0,1,1,0,0,0,1,2,2,1,2,0,2,1,2,2,1,0,1,2,2,2,0,1,0,2,2,0,1,2,2,1,0,2
S0041,2,1,2,0,1,0,2,2,2,1,0,0,1,2,0,2,0,1,0,1,1,0,1,2,2,0,2,2,2,1,2,1,0,0,2,0,1,2,0,1,0,1,0,2,0,2,2,2,2,0,2,1,2,2,1,1,0,0,1,2,1,1,0,1
S0042,1,2,2,1,2,1,2,1,0,1,0,0,2,2,0,2,0,0,2,0,2,2,0,0,2,1,1,1,1,2,1,0,1,2,0,1,2,1,0,0,1,1,2,1,2,0,1,0,1,0,1,1,0,0,1,2,0,1,0,2,1,2,0,0
S0043,1,1,2,2,2,1,1,1,0,1,1,0,0,1,1,2,1,2,1,0,0,2,1,0,1,2,1,0,0,2,2,2,2,0,0,0,0,2,2,0,2,1,0,2,2,1,2,1,2,1,2,0,0,2,0,0,2,0,1,0,0,2,0,0
S0044,2,2,0,2,1,2,0,2,1,2,1,2,1,0,2,2,0,1,1,1,2,2,0,2,1,2,2,1,1,1,2,1,0,1,0,1,0,0,2,0,1,2,2,1,0,2,2,1,0,0,0,0,2,0,0,2,2,0,1,1,1,2,2,2
S0045,0,0,1,0,1,0,2,0,0,0,0,1,1,2,0,1,1,1,2,0,1,2,2,1,1,2,1,2,0,1,0,0,1,0,1,1,1,2,2,1,0,2,0,1,1,0,1,0,0,1,0,2,0,1,2,0,2,2,2,0,2,2,2,0
S0046,2,0,1,1,1,1,0,1,2,1,0,2,0,1,1,1,2,1,2,0,2,1,0,0,2,1,1,0,1,2,0,1,1,2,0,1,2,0,2,2,2,1,2,2,2,1,1,1,0,2,2,1,0,1,1,1,2,2,2,2,2,1,1,1
S0047,1,2,1,1,0,2,1,1,1,0,1,2,1,0,1,0,1,1,0,2,0,2,2,0,1,0,0,2,2,0,0,0,1,0,0,1,0,2,2,2,0,2,2,0,2,1,2,1,2,0,1,0,0,0,1,0,2,1,2,2,0,0,1,1
S0048,0,2,1,2,0,2,0,1,1,2,0,0,1,1,0,0,0,1,1,1,2,0,2,2,0,0,0,0,1,0,0,1,2,0,2,1,2,0,1,2,0,2,1,1,1,1,0,2,1,2,1,1,1,2,2,2,1,2,1,1,2,0,2,0
S0049,1,1,1,1,1,1,1,1,2,1,1,2,2,0,2,0,0,2,0,2,2,2,2,2,0,2,0,0,0,1,2,0,2,1,1,2,1,1,2,1,1,0,0,0,0,0,2,0,1,2,2,1,0,2,0,2,2,0,2,0,0,2,2,0
S0050,2,2,2,0,0,2,2,2,1,0,2,0,1,2,1,0,0,1,2,1,2,0,2,2,1,2,1,1,2,2,2,0,2,0,1,1,1,2,2,0,0,0,2,1,2,2,2,0,0,1,1,2,0,1,0,0,0,0,1,1,1,1,2,2
S0051,1,1,2,2,0,2,0,1,1,1,0,2,0,0,2,2,0,2,2,0,1,1,0,0,0,0,1,1,0,0,0,2,0,2,1,2,1,0,1,0,0,0,0,0,0,2,1,1,2,0,1,2,1,1,0,0,0,0,2,1,1,2,0,0
S0052,1,2,1,2,0,2,0,0,1,0,2,2,1,0,0,1,1,2,1,0,0,2,0,2,0,2,2,1,0,2,0,1,2,2,0,2,0,2,1,0,1,0,2,0,0,1,2,1,1,1,2,1,2,2,2,2,2,0,2,2,0,2,0,1
S0053,2,0,1,2,1,2,0,2,2,2,0,2,1,1,1,1,1,1,0,2,0,0,1,1,1,2,0,0,1,2,1,1,1,2,1,2,2,0,0,2,0,1,0,1,0,1,2,2,2,0,1,0,2,2,0,1,1,1,1,0,1,1,2,2
S0054,2,0,2,1,1,2,2,0,1,2,1,0,1,2,0,2,2,2,0,0,1,1,1,2,2,0,2,0,1,0,1,2,1,2,0,1,1,2,2,1,0,1,0,1,0,1,0,0,0,2,2,2,0,1,2,1,0,0,0,2,0,2,2,2
S0055,2,0,2,0,0,0,0,0,0,0,1,0,0,2,0,0,0,0,1,2,2,1,0,2,0,1,1,2,0,1,1,1,2,2,1,1,2,1,0,1,0,0,1,2,2,0,1,0,2,0,2,2,2,0,2,2,1,2,2,0,2,2,0,0
S0056,2,0,1,2,1,2,0,0,2,1,0,0,1,1,0,1,1,1,0,1,2,0,0,2,1,2,1,2,1,0,2,1,0,1,1,0,2,0,0,1,2,2,2,0,2,2,1,1,0,2,2,1,1,1,0,1,2,2,2,1,2,1,1,1
S0057,2,2,0,0,1,1,2,1,1,2,1,1,1,1,2,2,1,1,1,0,1,0,0,0,1,0,1,1,1,2,1,2,2,0,0,1,2,0,0,2,2,0,1,1,0,0,1,1,0,1,0,2,0,0,0,2,2,1,0,2,1,2,1,2
S0058,2,0,2,0,1,0,2,0,1,1,2,2,0,2,0,1,1,1,2,2,1,2,0,0,1,1,2,2,0,0,2,1,0,2,1,2,2,2,1,2,2,0,0,0,1,1,0,1,0,1,1,1,1,1,2,2,2,1,1,0,1,0,1,0
S0059,1,2,2,1,0,0,0,2,2,1,0,0,2,0,0,0,0,1,2,0,2,0,0,0,2,1,2,0,0,2,0,0,1,1,0,1,2,1,1,0,1,2,1,2,0,0,1,0,1,2,1,1,2,0,2,0,2,1,0,2,0,1,2,2
S0060,2,1,1,0,2,1,2,1,2,0,2,0,0,1,1,2,1,0,0,1,1,1,0,1,1,2,1,2,0,2,0,0,2,1,1,1,2,0,0,0,2,0,1,1,0,1,0,0,0,2,1,2,1,0,1,2,1,0,0,2,1,2,1,0
S0061,2,2,2,2,0,2,0,2,0,1,2,0,0,2,0,1,2,1,1,1,1,1,1,0,1,2,2,0,2,2,0,2,1,1,2,1,1,0,2,2,0,2,0,1,2,0,1,0,2,1,1,2,1,2,0,0,2,2,1,1,0,2,2,0
S0062,1,1,1,2,0,0,0,2,1,2,1,0,1,0,2,2,2,1,0,0,1,1,2,2,0,0,1,1,0,2,2,1,0,2,0,1,2,2,0,1,0,0,1,2,2,1,0,0,0,0,0,2,0,0,1,0,1,0,0,1,2,1,1,1
S0063,0,0,1,0,2,1,0,1,0,1,2,0,1,0,1,0,1,1,0,1,2,2,0,1,2,1,0,1,0,0,1,1,2,1,2,1,2,0,0,2,2,2,0,0,2,1,0,2,2,0,2,2,1,1,0,2,2,2,2,0,1,1,2,1
S0064,1,0,2,1,0,2,0,0,0,1,0,2,1,0,0,1,0,2,0,1,0,0,0,0,2,2,2,0,2,1,0,0,1,1,0,2,2,1,2,2,2,0,2,1,2,2,0,1,0,0,1,2,2,1,0,1,2,2,0,0,2,0,0,0
S0065,1,1,1,0,2,2,1,0,1,2,1,0,1,1,1,1,0,2,1,1,1,1,0,2,0,1,0,0,0,2,1,1,2,0,1,1,1,0,2,0,2,2,1,0,0,2,2,2,0,1,0,2,1,2,2,2,1,1,1,0,0,1,2,1
S0066,2,0,1,1,1,0,0,2,1,0,0,0,2,0,2,0,1,0,2,0,1,0,0,0,2,1,1,1,2,1,1,0,0,0,1,0,0,0,0,2,1,2,1,2,0,1,2,1,2,0,0,2,0,2,2,2,1,2,0,1,0,2,2,2
S0067,2,0,0,2,1,0,2,2,1,2,0,0,0,1,0,0,2,2,2,2,2,1,1,2,1,0,2,0,2,1,2,0,1,1,1,0,2,1,2,1,0,2,0,0,2,2,2,1,2,0,2,1,0,1,1,0,1,1,0,0,2,1,1,1
S0068,1,1,1,2,2,0,2,2,0,2,1,2,1,2,0,0,2,1,1,0,0,2,0,1,0,0,0,2,2,0,1,1,1,2,0,0,1,1,0,2,0,0,1,1,0,0,0,1,1,0,1,2,0,2,0,0,0,0,0,1,1,2,1,1
S0069,1,0,2,0,2,2,2,1,0,2,0,1,2,2,2,0,2,0,1,2,1,2,1,0,0,1,2,1,2,1,0,0,1,2,2,0,1,2,1,0,1,0,0,1,0,1,1,1,1,0,2,2,2,2,1,2,1,0,2,0,2,1,2,1
S0070,1,0,2,0,1,1,1,0,1,1,0,0,2,0,0,1,0,1,0,1,2,1,2,2,0,1,0,1,0,2,0,1,0,2,2,2,1,0,2,1,2,2,1,2,2,1,0,0,1,1,0,0,2,2,0,1,0,2,2,2,1,1,2,1
S0071,1,2,1,2,1,2,0,0,0,1,2,0,0,2,2,1,1,1,0,0,2,1,2,2,0,0,2,0,1,2,2,2,0,0,0,0,0,2,0,2,1,1,0,0,1,0,2,0,0,2,1,0,2,0,2,2,2,2,0,2,0,1,0,1
S0072,2,1,0,0,2,1,1,1,0,1,1,2,1,2,2,0,1,1,0,0,2,1,0,0,0,0,0,2,2,1,1,2,2,0,2,0,0,1,2,0,0,0,1,2,0,0,0,0,0,1,1,1,2,1,0,1,0,2,0,0,2,1,0,2
S0073,0,2,2,1,1,1,1,0,0,0,2,0,1,2,2,0,0,2,0,0,2,2,2,2,0,0,0,0,2,0,1,2,2,0,1,1,2,1,0,2,2,1,0,1,2,2,1,0,1,2,2,0,0,1,0,2,0,1,2,2,2,0,2,1
S0074,0,1,1,1,0,1,1,0,2,0,2,0,2,1,0,0,2,2,0,1,1,0,1,2,2,2,0,0,1,0,1,0,0,0,0,2,0,2,0,0,1,2,0,0,2,1,1,2,2,1,1,0,0,1,0,2,2,0,1,0,1,0,1,1
S0075,1,1,0,2,2,2,1,2,1,2,0,0,1,1,2,0,2,0,1,2,1,2,2,2,1,1,0,1,2,1,1,0,1,0,2,1,0,0,2,2,2,0,0,0,2,2,2,0,0,2,2,2,0,0,0,2,2,1,0,2,0,2,2,2
S0076,2,1,1,0,2,2,0,2,0,1,0,1,1,1,2,2,1,2,1,0,0,0,2,1,1,1,2,1,0,0,1,1,2,1,2,1,1,1,1,2,0,1,0,2,2,1,2,1,0,1,2,0,0,0,2,1,2,2,1,2,0,0,1,1
S0077,0,0,0,2,2,2,1,1,2,1,0,1,2,1,2,2,0,2,1,1,0,1,0,0,2,0,1,0,0,1,2,2,1,1,2,0,2,0,0,1,0,2,2,1,2,2,2,2,1,0,2,1,2,2,0,1,0,0,2,2,2,2,1,1
S0078,2,1,1,0,2,2,2,1,0,0,1,2,2,2,1,2,2,0,2,0,1,2,1,2,0,1,2,1,2,1,2,1,2,0,0,0,2,0,0,2,1,0,0,0,2,1,2,0,1,0,1,1,2,1,2,1,0,2,1,0,2,2,0,2
S0079,2,2,0,1,1,1,1,1,1,2,1,0,0,2,2,1,0,2,0,1,0,0,2,1,0,1,0,1,1,1,2,0,0,1,2,1,0,2,1,0,1,0,2,0,1,1,0,1,0,1,2,2,0,0,1,2,2,0,0,0,0,1,2,0
S0080,2,1,1,2,0,2,0,1,2,1,0,1,1,0,2,0,1,1,0,2,1,0,1,1,1,2,1,2,1,1,0,1,0,2,2,2,2,0,0,2,1,0,0,2,1,0,2,0,1,0,1,1,2,1,0,0,0,1,0,1,2,2,1,2
S0081,2,1,2,0,2,0,2,2,1,0,1,1,2,2,1,2,1,1,2,2,1,1,2,2,1,0,0,0,1,1,2,0,2,1,0,1,0,2,2,2,1,1,0,2,0,0,0,1,0,0,1,2,1,2,2,2,1,2,2,2,1,0,1,2
S0082,2,1,0,1,2,1,1,1,0,0,2,0,2,0,1,1,2,2,1,1,2,1,0,1,0,1,1,0,0,2,1,0,2,2,2,2,2,1,0,2,0,0,2,2,1,2,2,2,0,1,0,2,0,2,0,1,0,2,1,2,0,1,2,2
S0083,0,1,1,1,1,0,2,0,0,2,2,1,2,1,1,0,0,1,1,2,1,2,1,0,2,1,1,1,0,1,1,1,0,1,1,1,0,1,0,1,0,1,2,2,2,2,0,1,1,2,1,2,0,0,0,1,1,0,2,2,1,0,2,2
S0084,0,0,1,1,0,2,1,1,0,2,0,2,1,2,0,0,2,2,1,0,2,1,2,2,2,2,2,1,0,1,2,2,1,2,0,1,1,2,0,0,1,0,1,1,2,2,0,0,0,0,2,0,0,2,2,0,0,1,1,2,1,0,1,1
S0085,1,1,2,2,0,1,2,1,1,0,0,2,2,2,0,0,0,1,1,2,2,0,2,0,0,1,0,1,1,0,1,1,2,0,0,1,0,2,0,1,2,0,0,2,1,0,0,2,2,1,1,2,0,0,2,0,2,1,2,0,2,0,0,2
S0086,1,2,0,0,1,2,1,2,2,2,1,2,1,2,1,1,1,1,2,2,1,0,1,0,0,0,1,2,1,1,0,2,0,2,2,2,0,0,0,2,0,2,0,0,0,2,1,1,1,1,1,1,0,0,1,0,1,0,2,0,0,1,0,1
S0087,0,0,2,2,0,2,2,1,1,2,1,1,1,2,2,0,1,2,0,2,2,2,0,1,1,1,2,1,1,2,2,2,1,2,0,1,1,0,1,1,1,0,0,0,1,0,1,2,2,0,2,0,0,0,0,2,0,2,1,0,1,0,1,1
S0088,1,0,2,1,0,1,0,2,2,0,2,2,1,0,2,2,2,2,2,2,0,1,0,0,2,2,1,2,0,0,2,1,1,1,0,2,2,2,1,1,2,1,1,0,1,1,1,0,0,2,1,1,1,1,2,0,2,0,1,1,2,0,1,0
S0089,0,2,2,1,1,1,0,1,0,2,1,0,1,2,0,2,1,1,2,1,0,2,0,1,2,1,2,1,0,0,1,0,1,1,2,0,2,1,1,1,0,2,0,0,2,1,2,1,0,0,1,0,2,0,2,0,0,0,0,1,0,1,1,0
S0090,0,0,0,0,0,1,0,0,1,1,0,0,1,0,1,2,1,0,2,0,0,0,2,2,1,1,1,1,1,2,2,0,1,2,1,0,2,1,1,1,0,1,1,2,0,0,1,2,1,1,2,1,0,2,1,0,1,2,1,1,1,2,2,0
S0091,1,1,0,2,0,1,0,0,2,0,0,2,2,0,0,2,2,2,1,0,2,0,0,2,1,0,0,1,0,2,1,1,1,1,1,2,1,1,1,0,2,1,2,2,2,2,2,1,2,0,2,0,2,0,1,0,0,2,2,0,0,2,2,0
S0092,1,0,2,1,0,0,1,2,0,2,1,2,2,0,0,2,0,0,1,2,2,1,0,1,2,0,1,0,0,0,2,2,0,2,1,2,2,0,2,1,0,0,2,1,1,0,2,0,0,1,2,0,0,1,0,1,0,0,0,2,2,1,1,2
S0093,0,1,2,2,0,2,1,2,0,1,2,0,2,0,2,1,0,0,2,0,1,0,2,1,2,0,0,1,1,2,2,2,0,0,2,1,2,1,0,1,2,1,0,0,2,2,2,0,1,2,1,1,1,0,0,2,0,0,1,2,1,1,1,0
S0094,0,0,2,2,0,0,0,2,1,2,1,2,1,0,2,2,2,2,0,0,1,0,1,0,1,1,1,2,1,1,0,1,0,0,1,0,1,0,2,2,0,1,1,1,1,2,1,0,1,0,1,0,0,2,0,2,2,1,2,0,0,0,1,1
S0095,2,1,0,2,2,2,1,1,1,2,0,2,0,1,0,1,2,2,2,0,0,2,1,0,2,1,0,2,1,1,2,1,1,1,0,0,2,0,1,0,0,1,2,1,0,0,0,2,0,1,0,1,2,1,1,0,0,2,0,1,0,0,1,2
S0096,0,2,1,2,0,2,0,2,1,1,0,1,0,1,2,0,0,0,0,0,0,1,0,2,2,2,1,0,2,0,1,1,2,1,2,2,1,2,0,2,0,2,1,2,0,1,2,0,0,0,0,1,1,0,0,0,2,2,0,0,0,2,2,2
S0097,0,1,0,2,1,0,2,1,1,0,0,2,0,0,2,0,1,2,1,1,0,1,1,1,0,0,2,2,2,0,2,0,1,0,2,0,2,0,2,1,0,0,2,0,0,1,0,0,1,2,2,2,0,1,0,2,1,0,2,0,0,2,1,2
S0098,1,2,1,0,0,2,0,1,0,0,1,0,1,2,0,0,0,2,1,1,0,2,0,2,0,2,0,0,1,0,0,1,0,1,2,0,1,0,1,0,0,0,2,0,2,2,1,0,2,2,0,2,2,0,0,2,0,1,0,2,0,0,0,0
S0099,1,0,2,1,0,2,1,2,0,2,1,2,1,2,1,0,0,2,2,1,2,0,0,1,1,2,2,0,2,1,2,0,0,0,2,0,2,2,0,2,0,0,1,0,0,0,1,0,0,1,1,2,0,1,2,1,0,1,1,0,1,0,1,2
S0100,1,2,0,2,2,2,2,1,1,2,2,1,0,0,0,0,0,0,2,0,1,1,0,2,2,2,2,1,2,0,2,2,0,1,1,0,2,0,0,0,2,0,1,2,0,2,0,2,0,0,2,2,2,2,1,0,0,1,1,1,0,1,0,0
S0101,0,1,1,0,1,0,0,0,1,2,0,0,0,1,2,0,1,2,2,1,2,2,2,0,0,0,2,1,0,1,0,2,1,2,0,1,0,2,1,1,1,0,2,1,2,0,0,2,0,0,2,0,0,1,0,0,0,0,0,2,0,0,0,1
S0102,2,1,0,0,1,0,2,2,1,2,0,0,2,2,0,1,0,1,2,2,1,2,1,2,0,1,1,1,0,0,2,0,1,1,1,0,0,0,0,0,0,0,2,1,0,1,0,1,0,0,0,1,1,1,1,2,2,1,1,1,0,1,0,2
S0103,1,2,2,1,2,1,0,0,0,2,1,0,1,0,2,2,0,2,1,0,2,0,0,0,1,1,0,0,0,2,2,2,1,1,2,1,1,0,1,0,0,2,2,0,0,0,2,0,0,0,2,1,2,2,0,2,1,1,0,2,2,1,0,2
S0104,2,1,1,0,0,2,1,0,2,0,0,0,1,1,0,1,1,1,1,2,2,0,2,1,0,1,2,2,1,0,0,0,2,1,1,2,2,2,0,1,2,2,0,1,2,0,1,0,2,0,0,0,0,1,0,1,1,1,2,1,1,2,0,2
S0105,2,0,0,1,0,1,2,1,0,0,2,0,1,2,0,1,1,0,1,1,0,2,1,0,2,2,0,0,1,1,2,1,1,0,1,2,1,1,0,2,0,0,0,2,1,2,1,1,1,0,1,2,2,1,2,2,1,1,0,0,2,0,1,2
S0106,0,2,1,0,0,2,2,2,2,0,2,0,0,2,1,1,2,0,1,2,1,1,1,2,0,2,2,2,1,1,1,0,2,1,2,0,2,1,2,0,1,1,1,0,1,0,1,0,1,1,0,2,2,0,0,2,0,2,1,1,0,1,0,1
S0107,1,0,1,1,2,0,2,2,2,2,1,2,2,1,0,1,2,2,1,0,2,0,0,1,2,0,1,0,1,0,1,1,0,0,2,0,0,0,2,1,0,2,0,1,0,2,2,2,0,0,2,2,0,2,2,1,1,0,0,0,0,2,1,2
S0108,0,2,0,2,0,0,0,2,0,1,1,2,1,0,1,0,2,2,0,2,0,1,1,0,1,0,2,2,2,1,1,1,2,1,1,1,1,1,2,1,2,2,1,2,0,2,0,1,0,1,1,2,0,2,2,1,1,2,0,2,0,2,0,2
S0109,2,0,1,1,0,1,2,0,2,2,1,1,1,0,1,2,0,2,2,2,1,1,1,2,2,1,2,1,1,0,1,1,2,2,0,1,2,1,1,2,1,2,1,0,1,2,1,2,0,2,0,2,1,2,2,2,2,1,2,0,0,1,2,2
S0110,1,1,1,2,2,0,1,1,2,1,2,1,2,0,2,0,1,2,2,1,1,0,2,0,0,1,0,0,1,2,0,2,1,0,2,1,2,0,0,0,1,2,2,1,1,2,1,0,0,0,1,1,1,1,2,2,0,0,0,2,1,2,1,1
S0111,0,1,0,1,0,0,0,2,2,1,1,2,1,1,1,1,1,2,1,1,0,2,2,0,0,2,0,2,2,2,0,1,1,2,0,0,0,2,2,0,0,0,2,1,0,0,1,1,0,2,1,0,2,2,0,0,0,2,1,2,1,1,1,2
S0112,1,2,2,2,2,1,0,1,2,2,1,0,1,2,0,0,0,2,1,0,0,0,1,2,1,2,2,2,0,2,0,1,2,0,0,0,0,1,2,0,1,2,2,0,1,0,0,0,1,0,0,0,1,1,1,0,1,1,0,2,2,1,1,2
S0113,1,1,1,0,2,0,0,2,1,1,0,0,2,1,0,2,1,2,1,1,2,2,0,2,2,1,0,0,0,0,2,2,1,1,2,1,1,1,0,0,1,2,0,0,0,2,1,1,1,0,2,0,0,2,1,0,1,0,2,2,0,1,0,1
S0114,0,0,1,2,2,0,2,0,2,0,1,0,2,0,2,0,1,0,2,1,2,2,1,0,0,0,2,2,1,2,0,2,1,0,0,1,1,0,1,0,2,1,0,1,2,1,2,1,2,0,0,1,2,2,2,2,1,0,2,1,0,0,2,0
S0115,0,2,0,0,2,1,2,1,0,0,2,0,1,1,1,2,1,1,1,1,2,0,0,1,1,0,2,1,0,2,2,1,0,0,1,0,1,0,0,1,2,2,0,0,1,1,2,2,1,0,0,0,1,0,0,2,2,1,2,2,2,2,0,2
S0116,2,2,1,2,2,2,2,2,1,2,1,2,2,2,1,1,0,1,1,1,2,2,0,1,2,2,2,2,2,2,1,0,1,2,0,2,1,2,0,2,1,1,1,1,2,0,2,2,0,0,1,2,2,2,2,1,1,0,1,0,0,2,2,1
S0117,0,0,0,2,0,0,2,2,2,0,1,0,2,0,2,1,2,1,0,2,1,1,1,1,1,0,0,0,0,2,0,0,0,2,1,0,1,0,0,0,2,0,1,2,2,1,0,1,0,1,0,1,1,2,1,2,1,2,1,2,1,2,1,1
S0118,1,2,1,0,2,2,0,2,1,0,1,2,0,2,1,0,1,1,2,2,0,2,1,0,2,1,1,2,0,0,2,0,0,0,2,0,0,1,0,1,1,1,1,2,1,1,0,0,0,0,0,0,0,0,1,0,0,0,0,0,1,1,2,1
S0119,1,2,0,2,2,1,2,0,2,1,0,0,2,1,0,1,2,1,0,0,0,2,2,2,1,2,1,1,0,1,1,0,1,2,1,1,0,0,0,0,2,2,1,1,1,1,1,1,2,1,1,1,0,0,0,1,2,2,2,0,2,2,1,0
S0120,1,2,2,1,1,1,0,1,0,2,2,1,1,2,1,2,1,0,0,0,1,1,1,0,2,1,2,1,1,1,0,0,1,2,0,1,2,2,1,0,0,1,2,0,2,2,0,1,0,2,1,0,0,1,0,0,0,1,2,1,0,1,2,0
S0121,0,0,2,0,1,2,1,1,0,0,0,2,0,0,2,1,1,2,1,2,1,2,2,1,0,2,0,0,1,2,0,2,2,2,1,0,1,0,2,1,1,1,2,1,2,2,2,1,2,0,0,1,2,0,1,0,1,0,2,2,2,2,0,1
S0122,0,1,1,2,0,2,1,2,1,1,2,2,0,1,0,1,2,2,0,1,1,1,0,0,1,1,2,1,1,1,2,1,1,0,2,2,0,1,0,2,0,0,0,1,0,1,2,2,0,0,0,2,1,1,2,1,0,1,2,0,1,1,0,0
S0123,1,1,0,1,1,1,2,0,1,0,2,0,2,0,0,1,2,0,0,2,0,0,2,0,2,2,2,0,0,1,1,2,1,2,2,2,0,0,0,1,0,2,0,2,2,0,0,1,1,0,1,0,0,2,2,0,2,1,1,0,1,1,1,0
S0124,0,1,0,0,1,2,1,0,2,1,2,0,1,0,1,0,2,0,1,0,2,1,2,1,1,0,1,1,0,1,0,0,0,1,0,0,1,0,0,1,0,2,1,2,2,2,1,1,2,0,2,0,0,0,0,0,2,0,2,1,2,1,0,0
S0125,1,2,0,1,2,2,1,0,0,1,1,0,0,1,2,0,1,0,0,1,0,0,2,0,0,2,1,0,1,1,0,1,1,0,2,1,2,0,0,2,2,0,2,0,1,0,1,2,2,2,0,2,1,1,2,1,1,1,1,2,1,1,0,1
S0126,2,1,0,1,2,0,0,1,1,0,2,2,1,1,0,2,2,1,1,2,2,0,2,2,2,1,1,0,1,0,1,0,1,1,0,2,1,2,0,2,0,1,1,1,1,2,0,2,0,0,0,2,0,1,1,2,1,2,2,2,2,0,1,1
S0127,0,0,0,2,1,0,2,2,2,2,2,0,2,1,1,1,1,1,2,0,0,0,2,1,1,1,1,1,0,0,2,1,0,1,1,0,0,2,0,0,1,1,2,2,0,1,0,1,0,0,2,0,1,0,2,2,1,2,1,0,0,0,0,0
S0128,0,1,0,1,1,2,1,2,1,0,1,1,1,1,1,0,0,2,2,0,2,2,0,2,1,2,1,1,0,0,1,2,2,2,1,1,1,2,0,0,2,1,1,2,2,0,1,1,2,2,1,2,1,2,1,1,1,2,1,0,0,1,2,1
S0129,1,2,1,2,1,2,2,1,0,1,0,1,0,1,1,0,0,1,0,2,2,2,0,2,1,1,0,1,2,0,0,1,1,1,1,0,0,0,0,2,2,1,0,1,2,0,1,1,0,1,1,1,2,1,0,0,1,2,0,0,2,1,0,0
S0130,1,1,1,0,1,2,0,1,0,1,0,0,2,0,2,1,1,1,1,1,2,2,0,2,0,2,0,0,2,2,0,1,1,1,1,2,2,1,2,2,0,2,2,0,2,2,1,1,1,2,2,2,1,0,2,0,0,0,2,1,0,0,1,2
S0131,2,1,1,2,2,0,2,1,2,0,0,2,2,0,2,0,2,0,0,2,2,0,0,1,0,2,2,2,0,0,2,0,1,1,2,0,2,2,0,1,0,1,0,0,1,1,0,0,0,2,1,0,0,2,0,2,1,0,0,0,2,1,1,0
S0132,2,0,1,2,2,1,2,0,2,1,1,0,2,2,2,0,1,2,1,2,2,0,1,0,1,1,2,2,1,1,1,1,1,2,2,2,0,1,1,1,1,2,1,0,1,2,0,0,2,0,1,2,0,1,0,0,0,0,1,1,0,2,2,0
S0133,2,0,1,1,1,2,2,0,1,2,2,2,1,0,1,2,2,2,2,1,0,1,1,2,1,2,0,2,1,2,1,1,0,2,2,2,0,0,2,0,1,1,2,2,2,0,1,2,2,0,2,1,0,1,2,0,0,2,2,0,2,2,2,0
S0134,1,2,2,1,0,0,0,0,0,0,2,1,1,2,1,1,0,1,0,1,2,1,0,2,2,1,0,2,0,2,0,1,2,0,0,0,1,1,0,1,2,2,0,1,0,1,2,2,0,0,2,2,0,0,1,1,1,2,2,2,0,2,2,1
S0135,1,2,2,1,0,1,2,0,2,0,2,1,0,0,0,2,1,2,0,2,2,0,1,2,0,0,2,1,0,2,2,0,0,0,2,0,2,1,1,2,2,0,0,0,2,1,0,0,1,2,1,2,2,2,1,2,2,1,1,2,1,0,2,0
S0136,2,1,1,0,1,2,0,2,2,2,1,0,2,1,1,2,2,0,2,1,2,1,2,2,2,2,1,0,1,1,2,1,1,0,2,1,0,0,2,0,1,1,0,0,2,1,0,0,1,2,2,0,2,2,0,0,2,1,2,0,0,0,0,1
S0137,0,2,1,2,1,0,1,0,2,2,0,1,1,0,0,2,0,1,0,1,0,1,1,1,1,0,1,2,1,0,2,2,2,2,2,2,1,0,1,0,2,1,2,1,1,2,1,1,1,2,2,0,1,1,1,0,2,2,0,0,1,0,2,2
S0138,2,1,2,0,0,0,2,1,0,0,1,0,1,1,0,0,1,1,0,1,1,0,1,0,0,0,0,0,2,0,2,2,2,2,0,1,2,1,0,1,2,2,1,0,0,0,1,0,1,0,0,0,0,2,2,2,1,0,2,1,2,1,1,1
S0139,0,1,2,0,0,2,1,2,1,1,2,1,0,1,0,1,2,0,2,1,0,0,2,2,2,1,1,1,1,0,0,2,1,0,2,0,1,0,1,1,2,2,2,0,0,2,2,0,0,1,0,0,2,1,0,1,1,1,2,0,1,2,1,2
S0140,1,1,2,1,2,2,2,0,1,2,1,0,0,2,0,0,2,0,2,1,2,1,2,2,0,2,2,0,0,0,0,1,2,1,0,1,0,2,0,2,1,0,2,1,2,1,2,1,0,0,1,1,2,1,2,0,1,2,0,0,2,1,2,1
S0141,2,2,2,0,1,0,0,0,1,1,2,0,1,2,2,0,2,0,1,1,2,2,2,2,1,2,0,1,0,2,2,2,2,0,2,1,2,2,1,0,1,1,2,1,1,1,0,0,0,1,1,2,2,0,0,1,2,0,0,0,1,2,2,1
S0142,0,1,1,0,2,2,0,0,0,2,1,0,0,0,1,2,0,0,1,2,1,0,0,2,2,2,1,2,1,0,1,2,1,2,2,0,0,0,2,2,0,0,1,1,2,2,0,0,1,1,2,1,1,0,0,2,2,0,2,1,1,2,2,0
S0143,0,2,2,0,2,1,1,0,2,2,1,2,2,2,2,2,2,2,1,2,0,1,1,2,0,1,0,2,2,0,2,1,2,2,0,0,1,0,0,2,2,1,0,0,2,0,0,1,1,1,1,2,1,2,1,1,1,2,2,0,2,2,2,0
S0144,2,0,0,2,0,2,1,0,0,2,2,1,2,0,1,0,1,0,1,1,1,1,1,1,0,0,1,2,2,1,2,2,1,0,1,1,0,2,2,0,1,0,0,0,1,0,0,1,1,0,1,0,2,1,2,0,2,1,0,2,0,0,2,0
S0145,1,0,0,0,0,1,1,0,1,0,1,2,2,2,0,0,2,0,2,1,0,2,1,2,1,0,2,0,1,1,2,2,1,2,0,0,2,1,1,0,0,2,2,2,1,1,0,0,1,1,0,1,1,2,2,1,1,2,2,0,2,0,1,0
S0146,2,0,2,0,0,1,2,0,0,0,1,0,2,0,2,2,2,2,2,0,1,2,1,2,2,2,0,1,0,0,0,1,1,2,2,2,0,1,2,0,1,2,2,2,1,1,1,2,1,1,0,1,0,1,2,2,1,2,2,1,2,1,2,1
S0147,0,0,2,0,2,0,1,1,1,0,0,1,1,2,1,0,0,1,1,2,1,1,0,0,2,1,1,1,0,1,1,0,1,1,0,1,2,0,2,1,2,0,2,1,2,2,0,0,0,1,2,1,0,0,1,2,0,1,1,0,2,2,1,2
S0148,2,2,0,0,1,0,0,1,1,0,0,0,1,2,1,0,1,0,0,0,1,1,1,1,1,2,2,0,2,0,0,1,0,1,0,1,2,2,0,1,1,1,1,2,1,0,2,2,0,1,2,1,1,2,2,1,0,1,2,0,1,1,0,1
S0149,2,0,1,2,0,1,0,1,1,0,0,1,2,0,2,0,1,1,1,0,2,0,2,1,1,0,1,2,2,2,0,1,1,2,2,2,0,0,2,2,1,0,0,2,1,1,2,0,2,0,2,2,1,0,0,0,2,0,1,1,2,2,1,2
S0150,1,1,0,0,1,0,0,1,1,2,2,2,0,1,2,1,1,1,1,1,0,1,0,2,2,1,1,2,1,1,0,0,0,0,2,1,2,1,2,1,1,2,1,0,1,1,1,2,2,1,0,1,2,0,2,1,2,2,2,2,0,1,0,0
S0151,0,2,1,2,0,0,2,2,2,0,1,0,2,0,2,0,0,2,1,1,1,0,2,1,0,1,0,0,1,0,0,1,1,0,2,2,0,0,1,2,0,2,0,0,2,0,0,2,1,1,2,1,1,0,1,0,2,1,0,2,0,0,2,2
S0152,2,1,2,0,1,0,1,0,0,1,2,1,1,1,1,0,1,2,0,1,2,1,0,1,2,0,1,2,0,1,2,1,1,0,2,1,2,1,1,1,2,2,0,2,2,0,0,2,2,1,1,2,0,0,2,0,1,1,1,0,2,2,0,1
S0153,0,0,2,1,1,2,2,2,2,1,1,0,2,0,2,2,0,2,2,1,1,2,1,0,0,2,1,0,2,0,0,1,0,1,2,2,2,0,0,2,1,2,0,2,1,2,0,1,2,1,1,0,2,0,1,2,1,1,0,1,2,0,1,1
S0154,0,2,1,0,1,2,2,1,1,2,0,0,1,1,1,0,2,1,2,2,2,1,1,0,1,2,1,0,0,1,1,2,2,1,1,2,0,1,1,2,2,1,1,2,1,0,0,2,1,0,2,2,1,0,2,0,1,2,1,0,0,1,2,2
S0155,0,0,2,0,0,1,1,0,0,0,1,0,0,1,0,0,1,0,1,1,1,1,2,0,0,0,2,2,2,1,1,1,0,1,1,0,2,2,0,2,0,2,2,0,1,0,2,0,0,0,0,0,1,1,1,0,0,2,0,0,1,0,1,2
S0156,0,2,1,1,1,1,0,0,2,0,2,1,2,1,1,1,1,0,1,1,0,2,1,0,2,0,1,1,1,2,2,1,2,2,2,1,0,0,1,1,0,0,2,2,2,0,0,0,2,1,2,1,1,1,2,1,1,2,1,2,1,2,1,1
S0157,0,1,0,1,2,1,1,0,2,1,1,0,0,0,2,2,0,0,2,1,0,1,0,0,1,2,2,0,1,2,2,2,0,0,0,0,0,0,1,1,1,0,0,2,1,0,2,2,2,0,1,2,2,0,2,1,1,1,2,0,1,2,1,0
S0158,0,1,2,1,2,1,1,0,1,0,2,0,2,0,1,0,0,2,0,1,2,1,0,1,1,0,0,1,1,0,1,1,0,1,2,1,1,2,1,0,1,1,1,0,0,1,2,2,2,0,1,1,1,1,1,0,2,2,0,1,1,2,2,1
S0159,2,2,2,0,2,1,0,2,2,1,1,1,0,2,0,1,0,2,2,1,1,2,2,2,0,1,2,0,2,0,2,1,2,2,0,1,2,0,2,0,1,1,2,2,1,0,1,1,2,2,1,2,0,0,0,2,0,1,2,2,2,0,1,1
S0160,2,1,1,0,0,1,0,1,2,1,1,0,1,1,0,0,2,2,1,2,0,0,2,0,1,0,0,1,1,2,2,1,1,0,0,0,2,0,1,2,2,1,0,1,1,0,2,2,0,0,0,2,0,2,2,1,1,2,2,0,0,1,0,0
S0161,2,1,1,0,0,0,1,0,1,0,1,1,0,1,0,0,2,2,1,2,1,0,2,1,1,1,0,2,1,1,0,2,0,0,2,0,1,2,2,1,2,2,2,0,2,0,2,0,0,0,1,0,0,1,2,1,1,1,1,1,1,0,0,2
S0162,1,0,0,2,0,0,2,1,1,2,0,1,2,1,0,2,2,0,0,2,0,2,0,2,2,1,0,1,2,2,0,1,2,0,2,0,2,0,0,1,1,0,1,0,2,0,1,2,0,0,2,0,2,1,2,0,0,2,2,2,0,1,1,1
S0163,0,1,1,0,1,0,0,0,1,0,1,1,2,0,1,0,1,1,2,1,2,0,0,0,1,0,0,0,2,2,0,2,0,1,0,1,2,2,1,1,2,0,1,0,2,1,1,1,0,0,2,0,0,0,2,0,2,1,2,1,0,1,1,0
S0164,1,0,2,2,0,1,1,0,1,0,0,2,1,2,1,2,2,1,1,1,2,1,1,0,2,1,0,1,1,0,2,2,2,1,0,0,2,0,2,2,0,2,0,1,1,2,1,2,1,2,2,2,1,1,2,2,2,1,2,2,2,0,1,2
S0165,2,2,0,0,2,2,0,1,2,0,2,0,0,2,1,1,2,0,1,1,2,0,1,1,1,2,1,2,2,2,2,1,0,2,1,0,0,0,2,0,2,1,0,1,2,2,1,1,0,0,1,1,0,2,1,0,2,0,2,0,1,1,2,0
S0166,2,1,0,1,2,1,0,1,1,0,0,2,0,1,2,0,1,0,2,1,2,2,1,0,1,0,1,0,2,1,0,2,2,1,0,1,1,2,0,2,0,0,1,0,1,1,0,2,0,2,2,1,0,2,0,0,2,1,2,0,1,2,2,1
S0167,2,0,1,0,2,2,2,2,0,1,2,0,1,2,1,2,1,1,1,1,2,2,0,2,1,1,0,1,1,1,0,2,1,1,0,0,2,0,2,2,1,2,1,2,0,1,1,2,0,2,0,0,1,0,1,2,2,0,1,1,0,1,1,2
S0168,0,0,2,2,0,0,1,2,0,0,2,2,2,2,2,0,0,0,0,2,1,0,0,0,1,1,0,2,0,1,1,1,2,2,0,1,0,1,1,1,0,0,0,0,1,2,0,0,1,2,0,0,1,1,2,0,0,1,1,2,1,1,0,0
S0169,2,0,1,2,2,0,0,2,2,0,1,0,2,2,0,1,1,0,0,2,1,0,0,1,2,1,2,1,2,2,0,0,2,2,0,1,2,2,0,2,1,2,0,1,0,1,0,1,2,1,0,1,1,2,0,0,1,2,1,0,0,2,2,0
S0170,0,0,1,2,0,2,0,2,0,2,1,0,0,2,1,1,2,1,1,1,0,0,0,1,1,2,2,0,2,2,1,1,0,0,0,1,1,0,0,0,1,2,1,0,0,0,2,2,0,0,0,2,0,2,1,0,2,1,2,0,1,1,1,0
S0171,1,2,2,0,2,2,0,0,2,0,0,1,1,1,1,2,2,0,0,0,1,1,2,1,0,2,0,2,2,2,2,0,1,1,1,2,1,0,2,1,2,0,2,0,1,2,1,0,2,2,0,0,0,0,1,0,2,0,1,1,1,0,1,1
S0172,1,2,1,1,0,0,1,1,2,2,0,1,1,0,1,1,0,1,2,0,1,0,0,2,1,0,1,0,1,0,1,1,1,1,0,0,0,1,1,2,0,0,2,2,2,0,0,0,0,2,2,2,2,1,1,2,2,1,2,1,1,2,1,2
S0173,1,0,0,1,1,1,2,0,0,2,1,1,0,1,1,1,0,1,1,0,0,2,2,1,2,2,0,1,2,0,2,0,0,1,1,0,0,1,0,2,2,0,1,0,1,2,0,0,0,2,0,1,1,0,0,0,2,2,2,0,1,1,2,0
S0174,2,0,1,2,0,0,2,0,2,1,1,2,2,0,0,0,0,2,1,2,0,2,2,2,1,2,1,1,1,0,2,2,2,2,1,2,0,1,0,0,1,1,2,1,1,1,1,2,0,1,1,0,2,1,0,1,2,2,0,1,0,1,1,1
S0175,2,1,1,0,0,2,1,2,1,1,1,1,0,0,1,1,1,1,0,2,1,0,1,2,2,0,2,1,1,1,2,0,0,1,0,2,2,1,2,0,1,1,0,0,1,1,0,1,2,0,2,1,1,2,1,2,0,0,1,0,0,1,2,0
S0176,2,1,0,0,2,0,1,2,1,0,0,2,1,0,0,1,0,1,0,2,1,2,0,1,0,1,2,0,2,1,2,0,2,1,0,0,2,2,0,1,2,1,0,1,1,0,2,0,2,2,2,2,0,0,2,2,2,1,1,0,0,1,0,0
S0177,0,0,2,2,2,0,1,2,1,1,2,2,2,1,1,2,2,1,1,1,0,1,1,2,1,0,2,1,0,2,1,1,2,2,1,1,2,0,2,1,2,1,2,0,2,0,1,0,2,2,0,2,0,1,0,0,0,1,1,2,0,2,0,0
S0178,0,0,1,2,2,2,1,0,1,2,0,0,2,0,2,2,1,1,0,1,2,2,1,2,2,0,1,1,1,2,2,1,0,2,2,2,1,0,1,0,1,2,0,2,0,0,2,0,2,2,0,0,0,0,2,2,2,2,2,2,2,1,2,0
S0179,1,2,0,0,0,0,1,2,0,2,2,2,2,0,1,2,2,1,2,2,0,2,0,1,0,2,0,1,2,2,0,2,1,2,1,0,0,0,2,2,1,2,0,2,0,0,2,1,0,2,0,2,0,0,0,1,0,0,2,1,1,0,0,0
S0180,2,0,0,2,1,2,1,2,2,1,2,1,2,1,2,1,1,1,2,2,2,2,0,2,2,0,2,1,0,0,1,0,2,2,2,1,1,2,2,0,1,2,2,2,0,1,0,2,1,0,0,2,2,2,2,2,2,2,2,1,2,2,0,2
S0181,1,0,0,0,2,2,0,1,1,1,1,2,1,1,1,1,2,1,2,1,2,2,2,1,1,1,1,2,2,2,2,2,1,0,1,2,2,1,2,0,1,2,1,2,1,1,1,2,0,0,1,0,1,1,0,1,1,2,0,2,1,2,0,0
S0182,1,1,1,0,1,2,2,0,1,1,1,2,1,2,2,0,2,0,1,1,1,1,0,0,2,2,2,1,2,1,0,0,0,1,2,0,1,0,1,1,0,1,0,2,2,2,2,0,2,0,2,2,2,2,2,2,0,0,2,0,1,0,1,2
S0183,2,1,1,1,1,1,2,0,1,1,1,0,0,1,2,2,2,2,1,0,1,2,1,2,0,0,0,0,1,1,1,0,1,0,1,0,0,0,0,1,1,1,1,0,0,2,2,0,0,0,0,0,1,2,2,2,1,1,1,0,1,0,1,0
S0184,2,2,2,0,0,2,2,1,0,1,1,2,1,0,2,2,0,0,0,2,1,1,2,0,0,2,1,0,2,0,2,2,2,1,0,2,1,1,0,1,1,0,2,0,2,2,1,0,1,1,1,0,1,0,1,1,1,2,2,2,2,2,0,0
S0185,1,1,2,0,0,2,2,0,0,1,1,0,1,2,2,2,1,2,0,0,0,2,1,0,2,0,1,0,0,0,0,1,0,0,1,1,1,1,2,2,0,2,1,1,2,0,1,2,2,0,1,0,0,0,1,2,1,1,2,1,2,1,0,1
S0186,1,1,2,0,1,1,0,1,2,1,0,0,1,2,0,0,2,0,0,0,2,1,0,0,2,2,0,0,0,2,0,0,1,1,1,2,0,1,1,0,2,1,1,2,0,2,2,0,2,2,1,1,2,0,0,1,2,1,0,1,0,2,1,1
S0187,1,2,2,1,1,0,1,1,1,2,2,1,1,0,1,2,2,2,1,2,2,1,0,1,2,1,2,2,0,2,1,2,1,1,0,0,1,1,1,0,1,0,0,1,1,1,2,2,1,2,0,2,1,2,2,2,2,0,0,1,1,0,2,0
S0188,2,0,1,2,1,2,2,2,1,2,1,2,2,0,1,2,0,2,0,2,2,0,2,0,1,2,0,0,1,1,0,1,0,0,0,0,2,2,1,2,1,2,0,0,2,0,2,1,1,1,2,0,2,2,2,2,2,1,1,1,2,1,1,0
S0189,0,0,1,1,2,1,0,1,0,2,2,0,0,0,1,0,2,0,1,1,0,2,0,2,2,1,2,1,0,0,2,1,2,0,2,2,0,1,2,0,0,0,1,0,1,2,0,0,1,0,0,0,0,2,0,1,2,1,1,1,2,0,0,2
S0190,0,0,0,0,0,1,1,0,2,0,2,2,1,1,0,0,2,1,0,2,2,0,0,0,0,1,0,1,0,2,2,1,1,0,0,1,0,1,1,0,1,1,2,0,1,2,0,2,2,1,2,2,0,2,0,0,0,1,2,1,1,0,1,1
S0191,1,0,0,2,1,1,0,2,1,1,2,0,1,2,1,0,0,0,1,1,0,2,0,1,2,0,0,0,1,0,2,0,2,1,0,0,0,0,0,1,0,2,0,0,0,0,2,0,0,2,1,0,2,0,0,1,2,0,2,0,2,0,1,1
S0192,0,1,2,1,1,2,2,0,2,2,2,2,2,2,0,2,0,1,2,0,2,1,0,0,1,1,1,0,0,0,0,2,0,2,0,1,2,1,0,1,0,2,2,1,1,1,2,1,2,1,0,2,1,2,1,1,1,1,2,1,2,1,0,2
S0193,1,2,1,1,2,1,2,1,0,0,2,1,1,2,1,1,2,0,0,2,0,2,0,0,2,1,2,1,0,2,0,0,2,0,1,1,2,0,0,1,1,2,1,0,2,1,2,2,0,1,1,1,0,1,1,0,0,0,2,2,1,1,0,0
S0194,2,0,0,2,1,0,1,2,1,1,1,1,2,0,0,0,1,1,1,2,1,0,1,1,1,1,2,0,0,1,0,0,1,1,1,0,2,1,0,0,0,1,1,1,1,2,2,1,2,2,2,0,1,1,0,0,1,1,2,2,0,2,1,1
S0195,2,1,0,0,1,0,0,2,0,0,1,0,0,2,1,2,1,1,0,1,0,2,0,0,1,1,0,1,0,2,1,2,2,1,2,0,2,1,2,0,0,2,1,0,1,0,1,2,2,1,1,2,0,0,0,2,1,0,0,0,2,1,0,0
S0196,1,1,2,0,0,0,1,2,1,0,1,1,0,2,1,0,1,2,2,0,2,1,1,0,2,2,0,1,2,1,0,2,0,1,1,2,1,2,2,2,2,2,2,2,1,0,0,2,0,2,2,1,2,0,1,2,2,0,2,1,2,1,1,0
S0197,1,2,2,0,0,2,1,2,0,1,0,2,2,0,0,2,0,2,2,0,0,2,0,1,0,1,1,2,2,1,1,1,2,0,0,1,2,2,0,0,1,1,1,0,2,2,2,1,0,1,0,0,1,1,0,2,0,1,1,1,2,2,2,1
S0198,0,1,1,1,1,0,1,2,1,2,2,2,0,2,1,1,1,0,2,1,2,2,1,2,1,1,2,2,2,2,1,2,0,2,1,1,2,0,2,1,1,0,1,2,0,1,2,1,1,1,0,1,2,1,1,0,2,2,2,1,1,1,0,0
S0199,1,1,0,2,1,2,0,0,0,2,0,2,2,0,1,0,1,0,2,2,0,0,2,1,1,2,0,2,1,1,1,2,1,0,0,2,1,0,0,0,2,2,1,0,1,0,1,1,2,0,0,0,1,1,0,2,1,2,1,0,0,1,1,2
S0200,2,0,0,0,0,0,0,1,0,0,0,2,1,2,0,0,1,1,0,0,1,0,1,2,1,1,1,2,1,1,2,0,0,1,0,0,0,2,1,2,0,1,1,1,2,2,1,2,0,0,2,0,0,0,0,1,0,1,2,0,2,1,1,1
S0201,0,0,1,2,1,1,1,1,0,1,2,0,2,2,0,1,2,1,2,2,1,2,2,2,2,0,0,0,0,2,1,1,0,2,1,2,0,0,0,0,2,1,1,0,0,2,2,2,2,1,0,2,2,1,0,2,2,0,0,2,0,2,2,0
S0202,0,1,1,2,1,0,2,2,1,2,2,2,2,1,0,1,2,2,2,1,1,0,0,0,2,2,0,1,1,0,1,1,2,2,0,1,2,2,2,2,0,2,2,2,2,0,0,1,1,0,0,2,1,0,1,1,0,2,1,0,0,2,0,0
S0203,1,1,0,1,0,1,0,1,2,2,0,0,0,1,1,2,2,2,0,0,2,2,0,0,2,1,2,1,2,2,0,0,2,0,0,2,0,0,0,1,1,2,2,1,2,0,1,0,0,2,0,1,1,0,2,0,0,1,0,2,0,0,0,0
S0204,0,1,0,0,0,0,1,2,0,2,2,0,1,1,1,0,1,0,2,1,0,1,2,2,0,2,0,0,0,2,2,1,2,0,0,2,2,0,0,1,0,2,2,0,0,2,1,0,0,2,2,0,2,0,0,1,1,2,2,0,1,2,1,0
S0205,0,1,1,1,0,0,1,2,1,1,2,2,2,1,2,1,1,1,2,2,0,2,0,1,2,1,0,1,1,1,0,1,0,1,2,2,1,2,0,2,1,2,2,1,1,2,0,0,1,1,2,0,1,0,0,2,2,2,0,1,2,0,2,2
S0206,1,1,0,2,2,2,2,1,2,0,2,0,1,0,0,1,1,0,2,0,2,0,1,0,2,2,0,0,1,2,0,0,1,0,0,0,1,2,1,0,1,1,0,0,0,2,2,0,0,1,0,2,2,0,0,0,1,2,1,0,0,0,0,1
S0207,1,0,0,2,2,1,1,1,1,0,1,2,1,2,1,0,1,2,1,1,0,2,1,0,1,0,2,2,0,2,0,1,1,0,2,2,1,0,2,1,2,1,0,0,0,0,0,0,2,2,0,0,2,1,1,2,1,2,1,1,0,1,2,1
S0208,0,1,2,2,1,2,0,1,1,0,2,2,0,0,2,2,2,0,2,2,2,2,2,1,0,0,2,2,0,1,0,0,1,1,1,1,1,2,0,0,1,1,2,2,1,0,0,1,1,1,0,2,1,1,0,2,1,0,0,1,0,2,2,2
S0209,1,1,1,1,1,1,2,0,0,2,2,2,1,1,0,0,2,1,1,0,1,2,1,1,2,0,0,1,1,2,0,0,1,1,2,1,1,0,1,1,1,1,1,0,0,0,1,2,2,0,0,1,0,1,1,2,1,2,1,2,1,1,1,1
S0210,2,1,0,1,1,1,0,0,0,1,0,1,0,0,0,0,0,2,0,1,1,2,1,1,2,2,0,2,1,0,1,2,0,0,2,1,0,2,1,0,0,1,0,1,0,0,2,0,2,0,1,0,1,1,0,1,2,1,0,2,0,0,1,0
S0211,0,2,1,2,1,1,2,0,1,2,0,2,0,1,2,0,2,0,0,1,1,2,2,2,1,0,2,1,0,2,1,1,1,2,0,1,0,1,0,1,2,1,2,2,0,1,1,1,2,1,0,1,0,1,1,2,0,1,0,1,1,1,0,0
S0212,1,1,0,1,0,1,1,2,2,2,0,2,1,1,2,0,0,2,1,1,0,1,0,1,1,2,2,0,0,1,2,0,1,1,0,1,0,1,2,1,0,2,0,2,2,1,0,2,2,1,2,2,2,0,1,0,0,1,0,0,2,1,1,0
S0213,2,1,1,0,0,0,0,2,1,1,2,2,0,1,1,0,2,1,1,1,2,0,1,2,2,1,0,2,2,1,1,1,0,0,2,2,0,1,2,0,0,0,0,1,1,2,2,2,2,2,1,2,0,2,0,1,0,1,2,0,1,0,0,1
S0214,1,0,1,2,1,2,2,1,1,2,1,1,0,0,0,1,2,0,0,0,1,0,0,0,0,0,2,2,1,0,0,0,1,1,0,1,0,1,2,0,1,1,2,1,1,2,1,1,0,1,0,1,0,0,1,1,2,0,2,0,2,2,2,0
S0215,2,0,2,1,1,1,0,2,2,2,2,2,2,1,2,0,2,1,1,1,0,1,1,0,2,0,2,0,0,0,0,0,2,2,1,0,2,1,1,2,1,1,2,1,2,2,2,0,0,1,1,2,0,2,2,2,2,2,1,1,1,2,0,1
S0216,1,1,1,2,0,2,2,2,2,1,0,1,0,0,2,1,1,2,0,2,1,1,1,1,1,1,0,0,1,0,1,2,0,0,0,2,2,0,1,2,2,1,0,2,2,1,0,2,0,2,2,1,1,0,2,0,0,2,2,1,1,1,0,1
S0217,2,1,2,2,2,2,2,2,2,2,2,2,2,1,2,2,1,0,2,1,1,2,0,1,0,0,2,1,0,1,0,2,0,1,1,0,2,1,1,1,2,0,2,1,0,1,2,0,1,1,2,1,2,2,2,1,2,0,2,2,0,1,2,0
S0218,2,2,2,0,2,2,0,2,1,2,0,2,1,0,1,2,2,0,2,1,0,1,2,0,0,0,1,0,2,0,0,0,2,2,0,1,2,2,0,2,2,2,1,1,2,2,1,2,1,2,0,2,1,1,0,1,0,2,2,1,2,2,0,0
S0219,0,0,1,1,1,0,2,2,1,0,1,2,2,0,2,2,1,1,1,0,1,0,0,1,1,2,1,2,2,1,2,1,1,0,0,1,0,1,0,0,1,1,2,2,2,0,1,0,0,0,1,0,1,0,1,1,0,0,2,2,0,2,0,2
S0220,0,1,0,0,1,0,1,0,0,2,2,2,0,1,0,0,1,1,1,0,2,2,0,0,1,1,2,1,0,0,0,1,0,2,2,0,2,1,0,1,1,0,2,0,0,0,0,0,1,1,0,2,2,2,1,2,1,1,0,2,0,1,2,0
S0221,1,0,1,1,0,2,1,1,2,0,1,2,1,0,0,2,2,2,0,2,1,2,2,0,2,1,2,2,0,2,0,0,0,0,2,0,1,1,2,1,1,2,1,2,2,2,0,0,1,1,0,1,0,0,2,0,2,1,2,0,2,1,2,0
S0222,2,0,1,0,2,1,2,1,0,1,1,0,2,2,1,1,2,2,0,1,2,2,1,2,1,1,1,2,2,0,0,1,2,1,1,0,0,2,1,2,0,0,2,2,2,0,2,1,2,2,1,0,2,1,1,1,2,0,2,1,0,0,1,2
S0223,1,0,1,0,0,2,2,0,1,1,1,2,0,2,1,0,2,2,1,2,0,1,1,2,1,2,0,1,0,1,0,2,0,2,2,1,2,2,0,2,1,2,2,2,1,0,0,0,2,1,1,1,0,1,1,2,0,2,0,1,1,2,1,0
S0224,1,1,1,0,0,1,0,1,0,2,0,1,2,1,0,0,1,0,2,2,2,2,1,0,1,0,2,1,1,2,1,1,0,0,0,1,2,0,1,0,0,0,1,1,1,1,1,0,2,1,0,1,1,2,0,2,1,0,1,2,0,2,2,2
S0225,0,1,1,1,2,0,1,2,2,1,2,1,1,1,0,0,2,0,1,1,1,1,2,2,2,1,2,1,1,2,2,0,2,2,2,2,2,0,0,0,0,0,1,0,0,1,2,0,1,1,2,0,2,0,0,0,2,0,2,2,2,0,0,0
S0226,2,0,1,1,2,1,1,2,2,1,1,1,2,1,1,2,2,1,0,0,1,2,2,2,0,1,2,2,0,2,0,0,2,2,2,1,1,1,1,1,0,2,1,1,2,1,1,0,0,1,1,2,2,2,1,0,2,2,1,2,2,1,0,0
S0227,2,1,0,0,2,0,0,1,1,2,2,1,0,2,1,2,1,0,2,0,2,2,0,2,0,1,1,1,1,1,1,2,0,2,0,0,2,0,2,0,0,2,0,2,1,2,2,0,0,1,2,0,0,1,0,0,0,2,2,0,1,1,1,2
S0228,1,2,0,0,1,2,1,1,0,1,2,1,0,2,2,1,1,1,2,1,0,0,2,2,2,0,0,1,0,1,1,0,0,1,2,1,0,0,1,0,2,2,0,2,0,1,2,0,0,0,2,0,1,1,2,2,2,2,1,1,0,2,1,1
S0229,0,0,1,1,1,0,0,2,1,1,0,1,1,1,2,2,0,1,2,1,0,0,2,2,0,1,1,0,1,2,0,0,1,0,2,1,0,1,2,1,1,0,0,0,0,0,1,0,1,2,2,1,0,1,2,1,2,2,0,0,0,0,0,1
S0230,1,1,2,2,2,2,1,2,1,0,0,0,2,0,2,2,1,2,2,2,1,0,0,2,2,1,0,2,0,1,1,0,0,0,2,2,1,1,1,1,1,1,1,1,1,2,0,0,1,0,0,2,1,1,2,0,1,0,1,0,2,0,0,0
S0231,0,0,0,2,2,2,2,2,1,1,1,0,1,2,0,2,2,1,1,0,0,0,2,1,0,1,2,0,0,2,2,1,2,1,1,0,2,2,0,2,2,0,0,1,1,1,1,2,1,0,0,2,2,1,0,0,0,0,1,0,0,0,2,1
S0232,0,2,1,0,2,2,1,0,0,1,2,2,2,2,1,1,2,2,1,0,2,0,1,1,2,0,1,1,0,0,1,2,1,2,2,2,2,2,2,0,2,0,2,1,2,1,1,1,1,1,1,1,1,0,1,0,0,1,0,1,2,2,0,1
S0233,1,2,1,2,2,0,1,1,1,1,0,1,2,0,1,2,1,2,1,0,2,0,0,0,2,2,0,1,1,0,2,2,1,1,2,1,1,1,1,1,0,1,1,0,1,1,1,2,1,1,0,2,0,1,0,2,1,0,0,2,1,0,2,0
S0234,1,0,0,0,0,2,1,2,0,2,0,0,0,2,2,2,2,0,2,1,1,1,1,0,0,1,1,2,1,0,1,1,2,1,1,2,1,2,2,2,2,1,0,1,0,1,2,1,0,0,2,2,1,2,2,1,0,2,1,2,2,1,1,0
S0235,2,0,1,1,0,1,2,0,0,0,0,0,1,2,2,2,2,1,2,0,2,0,2,0,0,1,2,0,0,1,2,2,1,1,1,2,0,0,0,0,1,2,1,1,0,1,0,2,1,1,2,0,1,1,0,0,0,0,2,0,0,2,1,2
S0236,2,0,1,0,1,2,2,2,0,0,1,0,1,2,0,2,2,2,0,0,0,0,0,1,0,0,2,2,2,0,1,1,0,2,1,2,0,1,0,2,1,0,0,1,0,0,2,2,1,2,1,0,2,0,2,1,0,0,2,2,1,0,2,2
S0237,1,1,2,1,0,0,1,2,2,1,0,1,0,1,1,2,2,2,0,2,0,1,2,2,1,0,1,2,1,1,1,1,0,2,0,2,0,1,1,1,1,2,0,2,2,2,0,0,1,0,2,2,1,2,0,2,0,2,1,1,0,1,2,2
S0238,1,0,1,2,0,2,2,2,1,0,0,2,1,0,2,0,2,1,1,0,0,2,1,2,2,0,1,2,1,1,1,2,2,2,1,1,1,0,2,0,2,1,2,2,1,1,1,1,0,0,2,2,0,0,1,2,2,2,0,0,1,0,1,1
S0239,2,0,2,2,2,2,2,0,1,1,2,0,1,0,0,2,0,2,2,2,0,0,1,1,2,1,0,2,2,1,2,2,1,0,1,1,2,2,1,1,1,1,1,1,1,2,0,0,2,2,1,1,1,1,0,1,0,0,1,2,0,2,1,2
